snapshot_date,store_code,sku,qty,product_name
2025-11-01,STR001,SKU1001,311,Alpine Spring Water 1L
2025-11-01,STR001,SKU1002,296,CrispLite Potato Chips
2025-11-01,STR001,SKU1003,303,FreshBrew Coffee 250g
2025-11-01,STR001,SKU1004,398,GlowSkin Face Wash 100ml
2025-11-01,STR001,SKU1005,310,PureClean Detergent 1kg
2025-11-01,STR002,SKU1001,274,Alpine Spring Water 1L
2025-11-01,STR002,SKU1002,297,CrispLite Potato Chips
2025-11-01,STR002,SKU1003,296,FreshBrew Coffee 250g
2025-11-01,STR002,SKU1004,343,GlowSkin Face Wash 100ml
2025-11-01,STR002,SKU1005,359,PureClean Detergent 1kg
2025-11-01,STR003,SKU1001,214,Alpine Spring Water 1L
2025-11-01,STR003,SKU1002,352,CrispLite Potato Chips
2025-11-01,STR003,SKU1003,339,FreshBrew Coffee 250g
2025-11-01,STR003,SKU1004,361,GlowSkin Face Wash 100ml
2025-11-01,STR003,SKU1005,268,PureClean Detergent 1kg
2025-11-01,STR004,SKU1001,1387,Alpine Spring Water 1L
2025-11-01,STR004,SKU1002,1804,CrispLite Potato Chips
2025-11-01,STR004,SKU1003,1432,FreshBrew Coffee 250g
2025-11-01,STR004,SKU1004,1579,GlowSkin Face Wash 100ml
2025-11-01,STR004,SKU1005,1562,PureClean Detergent 1kg
2025-11-01,STR005,SKU1001,1889,Alpine Spring Water 1L
2025-11-01,STR005,SKU1002,1278,CrispLite Potato Chips
2025-11-01,STR005,SKU1003,1775,FreshBrew Coffee 250g
2025-11-01,STR005,SKU1004,1569,GlowSkin Face Wash 100ml
2025-11-01,STR005,SKU1005,1709,PureClean Detergent 1kg
2025-11-01,STR006,SKU1001,781,Alpine Spring Water 1L
2025-11-01,STR006,SKU1002,772,CrispLite Potato Chips
2025-11-01,STR006,SKU1003,552,FreshBrew Coffee 250g
2025-11-01,STR006,SKU1004,643,GlowSkin Face Wash 100ml
2025-11-01,STR006,SKU1005,935,PureClean Detergent 1kg
2025-11-01,STR007,SKU1001,788,Alpine Spring Water 1L
2025-11-01,STR007,SKU1002,709,CrispLite Potato Chips
2025-11-01,STR007,SKU1003,857,FreshBrew Coffee 250g
2025-11-01,STR007,SKU1004,928,GlowSkin Face Wash 100ml
2025-11-01,STR007,SKU1005,610,PureClean Detergent 1kg
2025-11-01,STR008,SKU1001,769,Alpine Spring Water 1L
2025-11-01,STR008,SKU1002,571,CrispLite Potato Chips
2025-11-01,STR008,SKU1003,575,FreshBrew Coffee 250g
2025-11-01,STR008,SKU1004,512,GlowSkin Face Wash 100ml
2025-11-01,STR008,SKU1005,466,PureClean Detergent 1kg
2025-11-01,STR009,SKU1001,516,Alpine Spring Water 1L
2025-11-01,STR009,SKU1002,861,CrispLite Potato Chips
2025-11-01,STR009,SKU1003,667,FreshBrew Coffee 250g
2025-11-01,STR009,SKU1004,720,GlowSkin Face Wash 100ml
2025-11-01,STR009,SKU1005,694,PureClean Detergent 1kg
2025-11-01,STR010,SKU1001,823,Alpine Spring Water 1L
2025-11-01,STR010,SKU1002,777,CrispLite Potato Chips
2025-11-01,STR010,SKU1003,735,FreshBrew Coffee 250g
2025-11-01,STR010,SKU1004,839,GlowSkin Face Wash 100ml
2025-11-01,STR010,SKU1005,748,PureClean Detergent 1kg
2025-11-02,STR001,SKU1001,320,Alpine Spring Water 1L
2025-11-02,STR001,SKU1002,237,CrispLite Potato Chips
2025-11-02,STR001,SKU1003,389,FreshBrew Coffee 250g
2025-11-02,STR001,SKU1004,244,GlowSkin Face Wash 100ml
2025-11-02,STR001,SKU1005,234,PureClean Detergent 1kg
2025-11-02,STR002,SKU1001,284,Alpine Spring Water 1L
2025-11-02,STR002,SKU1002,221,CrispLite Potato Chips
2025-11-02,STR002,SKU1003,329,FreshBrew Coffee 250g
2025-11-02,STR002,SKU1004,348,GlowSkin Face Wash 100ml
2025-11-02,STR002,SKU1005,262,PureClean Detergent 1kg
2025-11-02,STR003,SKU1001,277,Alpine Spring Water 1L
2025-11-02,STR003,SKU1002,354,CrispLite Potato Chips
2025-11-02,STR003,SKU1003,226,FreshBrew Coffee 250g
2025-11-02,STR003,SKU1004,236,GlowSkin Face Wash 100ml
2025-11-02,STR003,SKU1005,272,PureClean Detergent 1kg
2025-11-02,STR004,SKU1001,1861,Alpine Spring Water 1L
2025-11-02,STR004,SKU1002,1193,CrispLite Potato Chips
2025-11-02,STR004,SKU1003,1367,FreshBrew Coffee 250g
2025-11-02,STR004,SKU1004,1663,GlowSkin Face Wash 100ml
2025-11-02,STR004,SKU1005,1169,PureClean Detergent 1kg
2025-11-02,STR005,SKU1001,1984,Alpine Spring Water 1L
2025-11-02,STR005,SKU1002,1920,CrispLite Potato Chips
2025-11-02,STR005,SKU1003,2086,FreshBrew Coffee 250g
2025-11-02,STR005,SKU1004,1686,GlowSkin Face Wash 100ml
2025-11-02,STR005,SKU1005,1491,PureClean Detergent 1kg
2025-11-02,STR006,SKU1001,720,Alpine Spring Water 1L
2025-11-02,STR006,SKU1002,690,CrispLite Potato Chips
2025-11-02,STR006,SKU1003,844,FreshBrew Coffee 250g
2025-11-02,STR006,SKU1004,930,GlowSkin Face Wash 100ml
2025-11-02,STR006,SKU1005,563,PureClean Detergent 1kg
2025-11-02,STR007,SKU1001,577,Alpine Spring Water 1L
2025-11-02,STR007,SKU1002,700,CrispLite Potato Chips
2025-11-02,STR007,SKU1003,862,FreshBrew Coffee 250g
2025-11-02,STR007,SKU1004,558,GlowSkin Face Wash 100ml
2025-11-02,STR007,SKU1005,703,PureClean Detergent 1kg
2025-11-02,STR008,SKU1001,704,Alpine Spring Water 1L
2025-11-02,STR008,SKU1002,658,CrispLite Potato Chips
2025-11-02,STR008,SKU1003,507,FreshBrew Coffee 250g
2025-11-02,STR008,SKU1004,689,GlowSkin Face Wash 100ml
2025-11-02,STR008,SKU1005,731,PureClean Detergent 1kg
2025-11-02,STR009,SKU1001,808,Alpine Spring Water 1L
2025-11-02,STR009,SKU1002,673,CrispLite Potato Chips
2025-11-02,STR009,SKU1003,577,FreshBrew Coffee 250g
2025-11-02,STR009,SKU1004,620,GlowSkin Face Wash 100ml
2025-11-02,STR009,SKU1005,530,PureClean Detergent 1kg
2025-11-02,STR010,SKU1001,828,Alpine Spring Water 1L
2025-11-02,STR010,SKU1002,881,CrispLite Potato Chips
2025-11-02,STR010,SKU1003,751,FreshBrew Coffee 250g
2025-11-02,STR010,SKU1004,684,GlowSkin Face Wash 100ml
2025-11-02,STR010,SKU1005,862,PureClean Detergent 1kg
2025-11-03,STR001,SKU1001,403,Alpine Spring Water 1L
2025-11-03,STR001,SKU1002,317,CrispLite Potato Chips
2025-11-03,STR001,SKU1003,198,FreshBrew Coffee 250g
2025-11-03,STR001,SKU1004,394,GlowSkin Face Wash 100ml
2025-11-03,STR001,SKU1005,352,PureClean Detergent 1kg
2025-11-03,STR002,SKU1001,255,Alpine Spring Water 1L
2025-11-03,STR002,SKU1002,249,CrispLite Potato Chips
2025-11-03,STR002,SKU1003,384,FreshBrew Coffee 250g
2025-11-03,STR002,SKU1004,269,GlowSkin Face Wash 100ml
2025-11-03,STR002,SKU1005,372,PureClean Detergent 1kg
2025-11-03,STR003,SKU1001,385,Alpine Spring Water 1L
2025-11-03,STR003,SKU1002,267,CrispLite Potato Chips
2025-11-03,STR003,SKU1003,394,FreshBrew Coffee 250g
2025-11-03,STR003,SKU1004,207,GlowSkin Face Wash 100ml
2025-11-03,STR003,SKU1005,321,PureClean Detergent 1kg
2025-11-03,STR004,SKU1001,1112,Alpine Spring Water 1L
2025-11-03,STR004,SKU1002,1707,CrispLite Potato Chips
2025-11-03,STR004,SKU1003,1166,FreshBrew Coffee 250g
2025-11-03,STR004,SKU1004,1013,GlowSkin Face Wash 100ml
2025-11-03,STR004,SKU1005,1760,PureClean Detergent 1kg
2025-11-03,STR005,SKU1001,1551,Alpine Spring Water 1L
2025-11-03,STR005,SKU1002,2119,CrispLite Potato Chips
2025-11-03,STR005,SKU1003,1252,FreshBrew Coffee 250g
2025-11-03,STR005,SKU1004,1427,GlowSkin Face Wash 100ml
2025-11-03,STR005,SKU1005,1081,PureClean Detergent 1kg
2025-11-03,STR006,SKU1001,720,Alpine Spring Water 1L
2025-11-03,STR006,SKU1002,688,CrispLite Potato Chips
2025-11-03,STR006,SKU1003,773,FreshBrew Coffee 250g
2025-11-03,STR006,SKU1004,717,GlowSkin Face Wash 100ml
2025-11-03,STR006,SKU1005,598,PureClean Detergent 1kg
2025-11-03,STR007,SKU1001,751,Alpine Spring Water 1L
2025-11-03,STR007,SKU1002,807,CrispLite Potato Chips
2025-11-03,STR007,SKU1003,928,FreshBrew Coffee 250g
2025-11-03,STR007,SKU1004,742,GlowSkin Face Wash 100ml
2025-11-03,STR007,SKU1005,869,PureClean Detergent 1kg
2025-11-03,STR008,SKU1001,628,Alpine Spring Water 1L
2025-11-03,STR008,SKU1002,641,CrispLite Potato Chips
2025-11-03,STR008,SKU1003,864,FreshBrew Coffee 250g
2025-11-03,STR008,SKU1004,810,GlowSkin Face Wash 100ml
2025-11-03,STR008,SKU1005,665,PureClean Detergent 1kg
2025-11-03,STR009,SKU1001,871,Alpine Spring Water 1L
2025-11-03,STR009,SKU1002,625,CrispLite Potato Chips
2025-11-03,STR009,SKU1003,881,FreshBrew Coffee 250g
2025-11-03,STR009,SKU1004,799,GlowSkin Face Wash 100ml
2025-11-03,STR009,SKU1005,625,PureClean Detergent 1kg
2025-11-03,STR010,SKU1001,797,Alpine Spring Water 1L
2025-11-03,STR010,SKU1002,817,CrispLite Potato Chips
2025-11-03,STR010,SKU1003,640,FreshBrew Coffee 250g
2025-11-03,STR010,SKU1004,855,GlowSkin Face Wash 100ml
2025-11-03,STR010,SKU1005,737,PureClean Detergent 1kg
2025-11-04,STR001,SKU1001,294,Alpine Spring Water 1L
2025-11-04,STR001,SKU1002,265,CrispLite Potato Chips
2025-11-04,STR001,SKU1003,191,FreshBrew Coffee 250g
2025-11-04,STR001,SKU1004,248,GlowSkin Face Wash 100ml
2025-11-04,STR001,SKU1005,390,PureClean Detergent 1kg
2025-11-04,STR002,SKU1001,371,Alpine Spring Water 1L
2025-11-04,STR002,SKU1002,206,CrispLite Potato Chips
2025-11-04,STR002,SKU1003,306,FreshBrew Coffee 250g
2025-11-04,STR002,SKU1004,252,GlowSkin Face Wash 100ml
2025-11-04,STR002,SKU1005,339,PureClean Detergent 1kg
2025-11-04,STR003,SKU1001,362,Alpine Spring Water 1L
2025-11-04,STR003,SKU1002,309,CrispLite Potato Chips
2025-11-04,STR003,SKU1003,360,FreshBrew Coffee 250g
2025-11-04,STR003,SKU1004,280,GlowSkin Face Wash 100ml
2025-11-04,STR003,SKU1005,392,PureClean Detergent 1kg
2025-11-04,STR004,SKU1001,1424,Alpine Spring Water 1L
2025-11-04,STR004,SKU1002,1977,CrispLite Potato Chips
2025-11-04,STR004,SKU1003,1227,FreshBrew Coffee 250g
2025-11-04,STR004,SKU1004,1150,GlowSkin Face Wash 100ml
2025-11-04,STR004,SKU1005,1905,PureClean Detergent 1kg
2025-11-04,STR005,SKU1001,1904,Alpine Spring Water 1L
2025-11-04,STR005,SKU1002,1430,CrispLite Potato Chips
2025-11-04,STR005,SKU1003,1883,FreshBrew Coffee 250g
2025-11-04,STR005,SKU1004,1807,GlowSkin Face Wash 100ml
2025-11-04,STR005,SKU1005,1807,PureClean Detergent 1kg
2025-11-04,STR006,SKU1001,687,Alpine Spring Water 1L
2025-11-04,STR006,SKU1002,761,CrispLite Potato Chips
2025-11-04,STR006,SKU1003,783,FreshBrew Coffee 250g
2025-11-04,STR006,SKU1004,850,GlowSkin Face Wash 100ml
2025-11-04,STR006,SKU1005,660,PureClean Detergent 1kg
2025-11-04,STR007,SKU1001,619,Alpine Spring Water 1L
2025-11-04,STR007,SKU1002,710,CrispLite Potato Chips
2025-11-04,STR007,SKU1003,915,FreshBrew Coffee 250g
2025-11-04,STR007,SKU1004,855,GlowSkin Face Wash 100ml
2025-11-04,STR007,SKU1005,726,PureClean Detergent 1kg
2025-11-04,STR008,SKU1001,547,Alpine Spring Water 1L
2025-11-04,STR008,SKU1002,749,CrispLite Potato Chips
2025-11-04,STR008,SKU1003,583,FreshBrew Coffee 250g
2025-11-04,STR008,SKU1004,765,GlowSkin Face Wash 100ml
2025-11-04,STR008,SKU1005,583,PureClean Detergent 1kg
2025-11-04,STR009,SKU1001,889,Alpine Spring Water 1L
2025-11-04,STR009,SKU1002,823,CrispLite Potato Chips
2025-11-04,STR009,SKU1003,609,FreshBrew Coffee 250g
2025-11-04,STR009,SKU1004,557,GlowSkin Face Wash 100ml
2025-11-04,STR009,SKU1005,524,PureClean Detergent 1kg
2025-11-04,STR010,SKU1001,722,Alpine Spring Water 1L
2025-11-04,STR010,SKU1002,709,CrispLite Potato Chips
2025-11-04,STR010,SKU1003,510,FreshBrew Coffee 250g
2025-11-04,STR010,SKU1004,594,GlowSkin Face Wash 100ml
2025-11-04,STR010,SKU1005,831,PureClean Detergent 1kg
2025-11-05,STR001,SKU1001,255,Alpine Spring Water 1L
2025-11-05,STR001,SKU1002,286,CrispLite Potato Chips
2025-11-05,STR001,SKU1003,377,FreshBrew Coffee 250g
2025-11-05,STR001,SKU1004,325,GlowSkin Face Wash 100ml
2025-11-05,STR001,SKU1005,371,PureClean Detergent 1kg
2025-11-05,STR002,SKU1001,352,Alpine Spring Water 1L
2025-11-05,STR002,SKU1002,334,CrispLite Potato Chips
2025-11-05,STR002,SKU1003,223,FreshBrew Coffee 250g
2025-11-05,STR002,SKU1004,245,GlowSkin Face Wash 100ml
2025-11-05,STR002,SKU1005,306,PureClean Detergent 1kg
2025-11-05,STR003,SKU1001,230,Alpine Spring Water 1L
2025-11-05,STR003,SKU1002,235,CrispLite Potato Chips
2025-11-05,STR003,SKU1003,297,FreshBrew Coffee 250g
2025-11-05,STR003,SKU1004,392,GlowSkin Face Wash 100ml
2025-11-05,STR003,SKU1005,335,PureClean Detergent 1kg
2025-11-05,STR004,SKU1001,1163,Alpine Spring Water 1L
2025-11-05,STR004,SKU1002,1334,CrispLite Potato Chips
2025-11-05,STR004,SKU1003,1320,FreshBrew Coffee 250g
2025-11-05,STR004,SKU1004,1158,GlowSkin Face Wash 100ml
2025-11-05,STR004,SKU1005,1827,PureClean Detergent 1kg
2025-11-05,STR005,SKU1001,1535,Alpine Spring Water 1L
2025-11-05,STR005,SKU1002,1869,CrispLite Potato Chips
2025-11-05,STR005,SKU1003,1319,FreshBrew Coffee 250g
2025-11-05,STR005,SKU1004,1976,GlowSkin Face Wash 100ml
2025-11-05,STR005,SKU1005,1858,PureClean Detergent 1kg
2025-11-05,STR006,SKU1001,539,Alpine Spring Water 1L
2025-11-05,STR006,SKU1002,543,CrispLite Potato Chips
2025-11-05,STR006,SKU1003,738,FreshBrew Coffee 250g
2025-11-05,STR006,SKU1004,676,GlowSkin Face Wash 100ml
2025-11-05,STR006,SKU1005,916,PureClean Detergent 1kg
2025-11-05,STR007,SKU1001,693,Alpine Spring Water 1L
2025-11-05,STR007,SKU1002,878,CrispLite Potato Chips
2025-11-05,STR007,SKU1003,833,FreshBrew Coffee 250g
2025-11-05,STR007,SKU1004,851,GlowSkin Face Wash 100ml
2025-11-05,STR007,SKU1005,669,PureClean Detergent 1kg
2025-11-05,STR008,SKU1001,583,Alpine Spring Water 1L
2025-11-05,STR008,SKU1002,605,CrispLite Potato Chips
2025-11-05,STR008,SKU1003,830,FreshBrew Coffee 250g
2025-11-05,STR008,SKU1004,849,GlowSkin Face Wash 100ml
2025-11-05,STR008,SKU1005,680,PureClean Detergent 1kg
2025-11-05,STR009,SKU1001,799,Alpine Spring Water 1L
2025-11-05,STR009,SKU1002,572,CrispLite Potato Chips
2025-11-05,STR009,SKU1003,656,FreshBrew Coffee 250g
2025-11-05,STR009,SKU1004,775,GlowSkin Face Wash 100ml
2025-11-05,STR009,SKU1005,523,PureClean Detergent 1kg
2025-11-05,STR010,SKU1001,629,Alpine Spring Water 1L
2025-11-05,STR010,SKU1002,816,CrispLite Potato Chips
2025-11-05,STR010,SKU1003,924,FreshBrew Coffee 250g
2025-11-05,STR010,SKU1004,604,GlowSkin Face Wash 100ml
2025-11-05,STR010,SKU1005,809,PureClean Detergent 1kg
2025-11-06,STR001,SKU1001,256,Alpine Spring Water 1L
2025-11-06,STR001,SKU1002,219,CrispLite Potato Chips
2025-11-06,STR001,SKU1003,322,FreshBrew Coffee 250g
2025-11-06,STR001,SKU1004,365,GlowSkin Face Wash 100ml
2025-11-06,STR001,SKU1005,357,PureClean Detergent 1kg
2025-11-06,STR002,SKU1001,270,Alpine Spring Water 1L
2025-11-06,STR002,SKU1002,303,CrispLite Potato Chips
2025-11-06,STR002,SKU1003,283,FreshBrew Coffee 250g
2025-11-06,STR002,SKU1004,328,GlowSkin Face Wash 100ml
2025-11-06,STR002,SKU1005,324,PureClean Detergent 1kg
2025-11-06,STR003,SKU1001,349,Alpine Spring Water 1L
2025-11-06,STR003,SKU1002,318,CrispLite Potato Chips
2025-11-06,STR003,SKU1003,244,FreshBrew Coffee 250g
2025-11-06,STR003,SKU1004,261,GlowSkin Face Wash 100ml
2025-11-06,STR003,SKU1005,306,PureClean Detergent 1kg
2025-11-06,STR004,SKU1001,1359,Alpine Spring Water 1L
2025-11-06,STR004,SKU1002,2089,CrispLite Potato Chips
2025-11-06,STR004,SKU1003,1414,FreshBrew Coffee 250g
2025-11-06,STR004,SKU1004,1781,GlowSkin Face Wash 100ml
2025-11-06,STR004,SKU1005,1340,PureClean Detergent 1kg
2025-11-06,STR005,SKU1001,1128,Alpine Spring Water 1L
2025-11-06,STR005,SKU1002,1733,CrispLite Potato Chips
2025-11-06,STR005,SKU1003,1981,FreshBrew Coffee 250g
2025-11-06,STR005,SKU1004,1624,GlowSkin Face Wash 100ml
2025-11-06,STR005,SKU1005,2092,PureClean Detergent 1kg
2025-11-06,STR006,SKU1001,574,Alpine Spring Water 1L
2025-11-06,STR006,SKU1002,614,CrispLite Potato Chips
2025-11-06,STR006,SKU1003,678,FreshBrew Coffee 250g
2025-11-06,STR006,SKU1004,766,GlowSkin Face Wash 100ml
2025-11-06,STR006,SKU1005,838,PureClean Detergent 1kg
2025-11-06,STR007,SKU1001,591,Alpine Spring Water 1L
2025-11-06,STR007,SKU1002,806,CrispLite Potato Chips
2025-11-06,STR007,SKU1003,838,FreshBrew Coffee 250g
2025-11-06,STR007,SKU1004,718,GlowSkin Face Wash 100ml
2025-11-06,STR007,SKU1005,773,PureClean Detergent 1kg
2025-11-06,STR008,SKU1001,592,Alpine Spring Water 1L
2025-11-06,STR008,SKU1002,733,CrispLite Potato Chips
2025-11-06,STR008,SKU1003,871,FreshBrew Coffee 250g
2025-11-06,STR008,SKU1004,555,GlowSkin Face Wash 100ml
2025-11-06,STR008,SKU1005,787,PureClean Detergent 1kg
2025-11-06,STR009,SKU1001,498,Alpine Spring Water 1L
2025-11-06,STR009,SKU1002,796,CrispLite Potato Chips
2025-11-06,STR009,SKU1003,874,FreshBrew Coffee 250g
2025-11-06,STR009,SKU1004,822,GlowSkin Face Wash 100ml
2025-11-06,STR009,SKU1005,904,PureClean Detergent 1kg
2025-11-06,STR010,SKU1001,654,Alpine Spring Water 1L
2025-11-06,STR010,SKU1002,680,CrispLite Potato Chips
2025-11-06,STR010,SKU1003,571,FreshBrew Coffee 250g
2025-11-06,STR010,SKU1004,846,GlowSkin Face Wash 100ml
2025-11-06,STR010,SKU1005,700,PureClean Detergent 1kg
2025-11-07,STR001,SKU1001,243,Alpine Spring Water 1L
2025-11-07,STR001,SKU1002,230,CrispLite Potato Chips
2025-11-07,STR001,SKU1003,214,FreshBrew Coffee 250g
2025-11-07,STR001,SKU1004,337,GlowSkin Face Wash 100ml
2025-11-07,STR001,SKU1005,246,PureClean Detergent 1kg
2025-11-07,STR002,SKU1001,277,Alpine Spring Water 1L
2025-11-07,STR002,SKU1002,291,CrispLite Potato Chips
2025-11-07,STR002,SKU1003,280,FreshBrew Coffee 250g
2025-11-07,STR002,SKU1004,312,GlowSkin Face Wash 100ml
2025-11-07,STR002,SKU1005,327,PureClean Detergent 1kg
2025-11-07,STR003,SKU1001,267,Alpine Spring Water 1L
2025-11-07,STR003,SKU1002,315,CrispLite Potato Chips
2025-11-07,STR003,SKU1003,287,FreshBrew Coffee 250g
2025-11-07,STR003,SKU1004,377,GlowSkin Face Wash 100ml
2025-11-07,STR003,SKU1005,234,PureClean Detergent 1kg
2025-11-07,STR004,SKU1001,1712,Alpine Spring Water 1L
2025-11-07,STR004,SKU1002,1968,CrispLite Potato Chips
2025-11-07,STR004,SKU1003,2010,FreshBrew Coffee 250g
2025-11-07,STR004,SKU1004,1814,GlowSkin Face Wash 100ml
2025-11-07,STR004,SKU1005,1237,PureClean Detergent 1kg
2025-11-07,STR005,SKU1001,1656,Alpine Spring Water 1L
2025-11-07,STR005,SKU1002,1993,CrispLite Potato Chips
2025-11-07,STR005,SKU1003,1713,FreshBrew Coffee 250g
2025-11-07,STR005,SKU1004,1312,GlowSkin Face Wash 100ml
2025-11-07,STR005,SKU1005,947,PureClean Detergent 1kg
2025-11-07,STR006,SKU1001,882,Alpine Spring Water 1L
2025-11-07,STR006,SKU1002,494,CrispLite Potato Chips
2025-11-07,STR006,SKU1003,774,FreshBrew Coffee 250g
2025-11-07,STR006,SKU1004,849,GlowSkin Face Wash 100ml
2025-11-07,STR006,SKU1005,793,PureClean Detergent 1kg
2025-11-07,STR007,SKU1001,631,Alpine Spring Water 1L
2025-11-07,STR007,SKU1002,813,CrispLite Potato Chips
2025-11-07,STR007,SKU1003,664,FreshBrew Coffee 250g
2025-11-07,STR007,SKU1004,735,GlowSkin Face Wash 100ml
2025-11-07,STR007,SKU1005,915,PureClean Detergent 1kg
2025-11-07,STR008,SKU1001,710,Alpine Spring Water 1L
2025-11-07,STR008,SKU1002,543,CrispLite Potato Chips
2025-11-07,STR008,SKU1003,820,FreshBrew Coffee 250g
2025-11-07,STR008,SKU1004,733,GlowSkin Face Wash 100ml
2025-11-07,STR008,SKU1005,813,PureClean Detergent 1kg
2025-11-07,STR009,SKU1001,900,Alpine Spring Water 1L
2025-11-07,STR009,SKU1002,569,CrispLite Potato Chips
2025-11-07,STR009,SKU1003,535,FreshBrew Coffee 250g
2025-11-07,STR009,SKU1004,922,GlowSkin Face Wash 100ml
2025-11-07,STR009,SKU1005,534,PureClean Detergent 1kg
2025-11-07,STR010,SKU1001,659,Alpine Spring Water 1L
2025-11-07,STR010,SKU1002,550,CrispLite Potato Chips
2025-11-07,STR010,SKU1003,558,FreshBrew Coffee 250g
2025-11-07,STR010,SKU1004,951,GlowSkin Face Wash 100ml
2025-11-07,STR010,SKU1005,585,PureClean Detergent 1kg
2025-11-08,STR001,SKU1001,374,Alpine Spring Water 1L
2025-11-08,STR001,SKU1002,281,CrispLite Potato Chips
2025-11-08,STR001,SKU1003,273,FreshBrew Coffee 250g
2025-11-08,STR001,SKU1004,274,GlowSkin Face Wash 100ml
2025-11-08,STR001,SKU1005,339,PureClean Detergent 1kg
2025-11-08,STR002,SKU1001,209,Alpine Spring Water 1L
2025-11-08,STR002,SKU1002,337,CrispLite Potato Chips
2025-11-08,STR002,SKU1003,367,FreshBrew Coffee 250g
2025-11-08,STR002,SKU1004,368,GlowSkin Face Wash 100ml
2025-11-08,STR002,SKU1005,198,PureClean Detergent 1kg
2025-11-08,STR003,SKU1001,373,Alpine Spring Water 1L
2025-11-08,STR003,SKU1002,340,CrispLite Potato Chips
2025-11-08,STR003,SKU1003,298,FreshBrew Coffee 250g
2025-11-08,STR003,SKU1004,294,GlowSkin Face Wash 100ml
2025-11-08,STR003,SKU1005,340,PureClean Detergent 1kg
2025-11-08,STR004,SKU1001,1160,Alpine Spring Water 1L
2025-11-08,STR004,SKU1002,1066,CrispLite Potato Chips
2025-11-08,STR004,SKU1003,1127,FreshBrew Coffee 250g
2025-11-08,STR004,SKU1004,1874,GlowSkin Face Wash 100ml
2025-11-08,STR004,SKU1005,1956,PureClean Detergent 1kg
2025-11-08,STR005,SKU1001,1156,Alpine Spring Water 1L
2025-11-08,STR005,SKU1002,1702,CrispLite Potato Chips
2025-11-08,STR005,SKU1003,1468,FreshBrew Coffee 250g
2025-11-08,STR005,SKU1004,1219,GlowSkin Face Wash 100ml
2025-11-08,STR005,SKU1005,1212,PureClean Detergent 1kg
2025-11-08,STR006,SKU1001,792,Alpine Spring Water 1L
2025-11-08,STR006,SKU1002,642,CrispLite Potato Chips
2025-11-08,STR006,SKU1003,698,FreshBrew Coffee 250g
2025-11-08,STR006,SKU1004,814,GlowSkin Face Wash 100ml
2025-11-08,STR006,SKU1005,462,PureClean Detergent 1kg
2025-11-08,STR007,SKU1001,868,Alpine Spring Water 1L
2025-11-08,STR007,SKU1002,674,CrispLite Potato Chips
2025-11-08,STR007,SKU1003,803,FreshBrew Coffee 250g
2025-11-08,STR007,SKU1004,581,GlowSkin Face Wash 100ml
2025-11-08,STR007,SKU1005,560,PureClean Detergent 1kg
2025-11-08,STR008,SKU1001,663,Alpine Spring Water 1L
2025-11-08,STR008,SKU1002,692,CrispLite Potato Chips
2025-11-08,STR008,SKU1003,782,FreshBrew Coffee 250g
2025-11-08,STR008,SKU1004,623,GlowSkin Face Wash 100ml
2025-11-08,STR008,SKU1005,697,PureClean Detergent 1kg
2025-11-08,STR009,SKU1001,704,Alpine Spring Water 1L
2025-11-08,STR009,SKU1002,535,CrispLite Potato Chips
2025-11-08,STR009,SKU1003,554,FreshBrew Coffee 250g
2025-11-08,STR009,SKU1004,487,GlowSkin Face Wash 100ml
2025-11-08,STR009,SKU1005,513,PureClean Detergent 1kg
2025-11-08,STR010,SKU1001,835,Alpine Spring Water 1L
2025-11-08,STR010,SKU1002,689,CrispLite Potato Chips
2025-11-08,STR010,SKU1003,544,FreshBrew Coffee 250g
2025-11-08,STR010,SKU1004,698,GlowSkin Face Wash 100ml
2025-11-08,STR010,SKU1005,892,PureClean Detergent 1kg
2025-11-09,STR001,SKU1001,361,Alpine Spring Water 1L
2025-11-09,STR001,SKU1002,200,CrispLite Potato Chips
2025-11-09,STR001,SKU1003,286,FreshBrew Coffee 250g
2025-11-09,STR001,SKU1004,392,GlowSkin Face Wash 100ml
2025-11-09,STR001,SKU1005,221,PureClean Detergent 1kg
2025-11-09,STR002,SKU1001,233,Alpine Spring Water 1L
2025-11-09,STR002,SKU1002,402,CrispLite Potato Chips
2025-11-09,STR002,SKU1003,396,FreshBrew Coffee 250g
2025-11-09,STR002,SKU1004,370,GlowSkin Face Wash 100ml
2025-11-09,STR002,SKU1005,358,PureClean Detergent 1kg
2025-11-09,STR003,SKU1001,237,Alpine Spring Water 1L
2025-11-09,STR003,SKU1002,340,CrispLite Potato Chips
2025-11-09,STR003,SKU1003,308,FreshBrew Coffee 250g
2025-11-09,STR003,SKU1004,260,GlowSkin Face Wash 100ml
2025-11-09,STR003,SKU1005,392,PureClean Detergent 1kg
2025-11-09,STR004,SKU1001,1752,Alpine Spring Water 1L
2025-11-09,STR004,SKU1002,1249,CrispLite Potato Chips
2025-11-09,STR004,SKU1003,1022,FreshBrew Coffee 250g
2025-11-09,STR004,SKU1004,1817,GlowSkin Face Wash 100ml
2025-11-09,STR004,SKU1005,1109,PureClean Detergent 1kg
2025-11-09,STR005,SKU1001,1361,Alpine Spring Water 1L
2025-11-09,STR005,SKU1002,1086,CrispLite Potato Chips
2025-11-09,STR005,SKU1003,1777,FreshBrew Coffee 250g
2025-11-09,STR005,SKU1004,1178,GlowSkin Face Wash 100ml
2025-11-09,STR005,SKU1005,1811,PureClean Detergent 1kg
2025-11-09,STR006,SKU1001,790,Alpine Spring Water 1L
2025-11-09,STR006,SKU1002,655,CrispLite Potato Chips
2025-11-09,STR006,SKU1003,864,FreshBrew Coffee 250g
2025-11-09,STR006,SKU1004,775,GlowSkin Face Wash 100ml
2025-11-09,STR006,SKU1005,750,PureClean Detergent 1kg
2025-11-09,STR007,SKU1001,594,Alpine Spring Water 1L
2025-11-09,STR007,SKU1002,534,CrispLite Potato Chips
2025-11-09,STR007,SKU1003,697,FreshBrew Coffee 250g
2025-11-09,STR007,SKU1004,558,GlowSkin Face Wash 100ml
2025-11-09,STR007,SKU1005,621,PureClean Detergent 1kg
2025-11-09,STR008,SKU1001,825,Alpine Spring Water 1L
2025-11-09,STR008,SKU1002,554,CrispLite Potato Chips
2025-11-09,STR008,SKU1003,667,FreshBrew Coffee 250g
2025-11-09,STR008,SKU1004,859,GlowSkin Face Wash 100ml
2025-11-09,STR008,SKU1005,584,PureClean Detergent 1kg
2025-11-09,STR009,SKU1001,625,Alpine Spring Water 1L
2025-11-09,STR009,SKU1002,523,CrispLite Potato Chips
2025-11-09,STR009,SKU1003,742,FreshBrew Coffee 250g
2025-11-09,STR009,SKU1004,579,GlowSkin Face Wash 100ml
2025-11-09,STR009,SKU1005,887,PureClean Detergent 1kg
2025-11-09,STR010,SKU1001,791,Alpine Spring Water 1L
2025-11-09,STR010,SKU1002,517,CrispLite Potato Chips
2025-11-09,STR010,SKU1003,737,FreshBrew Coffee 250g
2025-11-09,STR010,SKU1004,617,GlowSkin Face Wash 100ml
2025-11-09,STR010,SKU1005,750,PureClean Detergent 1kg
2025-11-10,STR001,SKU1001,332,Alpine Spring Water 1L
2025-11-10,STR001,SKU1002,282,CrispLite Potato Chips
2025-11-10,STR001,SKU1003,297,FreshBrew Coffee 250g
2025-11-10,STR001,SKU1004,382,GlowSkin Face Wash 100ml
2025-11-10,STR001,SKU1005,244,PureClean Detergent 1kg
2025-11-10,STR002,SKU1001,304,Alpine Spring Water 1L
2025-11-10,STR002,SKU1002,233,CrispLite Potato Chips
2025-11-10,STR002,SKU1003,298,FreshBrew Coffee 250g
2025-11-10,STR002,SKU1004,381,GlowSkin Face Wash 100ml
2025-11-10,STR002,SKU1005,265,PureClean Detergent 1kg
2025-11-10,STR003,SKU1001,355,Alpine Spring Water 1L
2025-11-10,STR003,SKU1002,290,CrispLite Potato Chips
2025-11-10,STR003,SKU1003,313,FreshBrew Coffee 250g
2025-11-10,STR003,SKU1004,274,GlowSkin Face Wash 100ml
2025-11-10,STR003,SKU1005,221,PureClean Detergent 1kg
2025-11-10,STR004,SKU1001,1220,Alpine Spring Water 1L
2025-11-10,STR004,SKU1002,1373,CrispLite Potato Chips
2025-11-10,STR004,SKU1003,1767,FreshBrew Coffee 250g
2025-11-10,STR004,SKU1004,1951,GlowSkin Face Wash 100ml
2025-11-10,STR004,SKU1005,1450,PureClean Detergent 1kg
2025-11-10,STR005,SKU1001,1145,Alpine Spring Water 1L
2025-11-10,STR005,SKU1002,1229,CrispLite Potato Chips
2025-11-10,STR005,SKU1003,1688,FreshBrew Coffee 250g
2025-11-10,STR005,SKU1004,1853,GlowSkin Face Wash 100ml
2025-11-10,STR005,SKU1005,1892,PureClean Detergent 1kg
2025-11-10,STR006,SKU1001,730,Alpine Spring Water 1L
2025-11-10,STR006,SKU1002,721,CrispLite Potato Chips
2025-11-10,STR006,SKU1003,628,FreshBrew Coffee 250g
2025-11-10,STR006,SKU1004,848,GlowSkin Face Wash 100ml
2025-11-10,STR006,SKU1005,470,PureClean Detergent 1kg
2025-11-10,STR007,SKU1001,822,Alpine Spring Water 1L
2025-11-10,STR007,SKU1002,667,CrispLite Potato Chips
2025-11-10,STR007,SKU1003,749,FreshBrew Coffee 250g
2025-11-10,STR007,SKU1004,680,GlowSkin Face Wash 100ml
2025-11-10,STR007,SKU1005,583,PureClean Detergent 1kg
2025-11-10,STR008,SKU1001,570,Alpine Spring Water 1L
2025-11-10,STR008,SKU1002,740,CrispLite Potato Chips
2025-11-10,STR008,SKU1003,592,FreshBrew Coffee 250g
2025-11-10,STR008,SKU1004,797,GlowSkin Face Wash 100ml
2025-11-10,STR008,SKU1005,785,PureClean Detergent 1kg
2025-11-10,STR009,SKU1001,603,Alpine Spring Water 1L
2025-11-10,STR009,SKU1002,850,CrispLite Potato Chips
2025-11-10,STR009,SKU1003,541,FreshBrew Coffee 250g
2025-11-10,STR009,SKU1004,626,GlowSkin Face Wash 100ml
2025-11-10,STR009,SKU1005,786,PureClean Detergent 1kg
2025-11-10,STR010,SKU1001,557,Alpine Spring Water 1L
2025-11-10,STR010,SKU1002,754,CrispLite Potato Chips
2025-11-10,STR010,SKU1003,665,FreshBrew Coffee 250g
2025-11-10,STR010,SKU1004,753,GlowSkin Face Wash 100ml
2025-11-10,STR010,SKU1005,871,PureClean Detergent 1kg
2025-11-11,STR001,SKU1001,253,Alpine Spring Water 1L
2025-11-11,STR001,SKU1002,218,CrispLite Potato Chips
2025-11-11,STR001,SKU1003,197,FreshBrew Coffee 250g
2025-11-11,STR001,SKU1004,304,GlowSkin Face Wash 100ml
2025-11-11,STR001,SKU1005,383,PureClean Detergent 1kg
2025-11-11,STR002,SKU1001,259,Alpine Spring Water 1L
2025-11-11,STR002,SKU1002,225,CrispLite Potato Chips
2025-11-11,STR002,SKU1003,290,FreshBrew Coffee 250g
2025-11-11,STR002,SKU1004,331,GlowSkin Face Wash 100ml
2025-11-11,STR002,SKU1005,356,PureClean Detergent 1kg
2025-11-11,STR003,SKU1001,399,Alpine Spring Water 1L
2025-11-11,STR003,SKU1002,310,CrispLite Potato Chips
2025-11-11,STR003,SKU1003,206,FreshBrew Coffee 250g
2025-11-11,STR003,SKU1004,353,GlowSkin Face Wash 100ml
2025-11-11,STR003,SKU1005,310,PureClean Detergent 1kg
2025-11-11,STR004,SKU1001,1643,Alpine Spring Water 1L
2025-11-11,STR004,SKU1002,1422,CrispLite Potato Chips
2025-11-11,STR004,SKU1003,1931,FreshBrew Coffee 250g
2025-11-11,STR004,SKU1004,1796,GlowSkin Face Wash 100ml
2025-11-11,STR004,SKU1005,1307,PureClean Detergent 1kg
2025-11-11,STR005,SKU1001,1758,Alpine Spring Water 1L
2025-11-11,STR005,SKU1002,1128,CrispLite Potato Chips
2025-11-11,STR005,SKU1003,1122,FreshBrew Coffee 250g
2025-11-11,STR005,SKU1004,1402,GlowSkin Face Wash 100ml
2025-11-11,STR005,SKU1005,1202,PureClean Detergent 1kg
2025-11-11,STR006,SKU1001,628,Alpine Spring Water 1L
2025-11-11,STR006,SKU1002,500,CrispLite Potato Chips
2025-11-11,STR006,SKU1003,555,FreshBrew Coffee 250g
2025-11-11,STR006,SKU1004,551,GlowSkin Face Wash 100ml
2025-11-11,STR006,SKU1005,919,PureClean Detergent 1kg
2025-11-11,STR007,SKU1001,709,Alpine Spring Water 1L
2025-11-11,STR007,SKU1002,669,CrispLite Potato Chips
2025-11-11,STR007,SKU1003,655,FreshBrew Coffee 250g
2025-11-11,STR007,SKU1004,500,GlowSkin Face Wash 100ml
2025-11-11,STR007,SKU1005,910,PureClean Detergent 1kg
2025-11-11,STR008,SKU1001,541,Alpine Spring Water 1L
2025-11-11,STR008,SKU1002,565,CrispLite Potato Chips
2025-11-11,STR008,SKU1003,664,FreshBrew Coffee 250g
2025-11-11,STR008,SKU1004,876,GlowSkin Face Wash 100ml
2025-11-11,STR008,SKU1005,843,PureClean Detergent 1kg
2025-11-11,STR009,SKU1001,720,Alpine Spring Water 1L
2025-11-11,STR009,SKU1002,629,CrispLite Potato Chips
2025-11-11,STR009,SKU1003,726,FreshBrew Coffee 250g
2025-11-11,STR009,SKU1004,574,GlowSkin Face Wash 100ml
2025-11-11,STR009,SKU1005,883,PureClean Detergent 1kg
2025-11-11,STR010,SKU1001,870,Alpine Spring Water 1L
2025-11-11,STR010,SKU1002,577,CrispLite Potato Chips
2025-11-11,STR010,SKU1003,778,FreshBrew Coffee 250g
2025-11-11,STR010,SKU1004,708,GlowSkin Face Wash 100ml
2025-11-11,STR010,SKU1005,732,PureClean Detergent 1kg
2025-11-12,STR001,SKU1001,233,Alpine Spring Water 1L
2025-11-12,STR001,SKU1002,248,CrispLite Potato Chips
2025-11-12,STR001,SKU1003,196,FreshBrew Coffee 250g
2025-11-12,STR001,SKU1004,267,GlowSkin Face Wash 100ml
2025-11-12,STR001,SKU1005,273,PureClean Detergent 1kg
2025-11-12,STR002,SKU1001,323,Alpine Spring Water 1L
2025-11-12,STR002,SKU1002,306,CrispLite Potato Chips
2025-11-12,STR002,SKU1003,392,FreshBrew Coffee 250g
2025-11-12,STR002,SKU1004,397,GlowSkin Face Wash 100ml
2025-11-12,STR002,SKU1005,343,PureClean Detergent 1kg
2025-11-12,STR003,SKU1001,373,Alpine Spring Water 1L
2025-11-12,STR003,SKU1002,327,CrispLite Potato Chips
2025-11-12,STR003,SKU1003,364,FreshBrew Coffee 250g
2025-11-12,STR003,SKU1004,275,GlowSkin Face Wash 100ml
2025-11-12,STR003,SKU1005,225,PureClean Detergent 1kg
2025-11-12,STR004,SKU1001,1085,Alpine Spring Water 1L
2025-11-12,STR004,SKU1002,989,CrispLite Potato Chips
2025-11-12,STR004,SKU1003,1616,FreshBrew Coffee 250g
2025-11-12,STR004,SKU1004,1485,GlowSkin Face Wash 100ml
2025-11-12,STR004,SKU1005,1931,PureClean Detergent 1kg
2025-11-12,STR005,SKU1001,1509,Alpine Spring Water 1L
2025-11-12,STR005,SKU1002,1978,CrispLite Potato Chips
2025-11-12,STR005,SKU1003,1318,FreshBrew Coffee 250g
2025-11-12,STR005,SKU1004,1978,GlowSkin Face Wash 100ml
2025-11-12,STR005,SKU1005,913,PureClean Detergent 1kg
2025-11-12,STR006,SKU1001,640,Alpine Spring Water 1L
2025-11-12,STR006,SKU1002,857,CrispLite Potato Chips
2025-11-12,STR006,SKU1003,628,FreshBrew Coffee 250g
2025-11-12,STR006,SKU1004,607,GlowSkin Face Wash 100ml
2025-11-12,STR006,SKU1005,850,PureClean Detergent 1kg
2025-11-12,STR007,SKU1001,740,Alpine Spring Water 1L
2025-11-12,STR007,SKU1002,881,CrispLite Potato Chips
2025-11-12,STR007,SKU1003,531,FreshBrew Coffee 250g
2025-11-12,STR007,SKU1004,647,GlowSkin Face Wash 100ml
2025-11-12,STR007,SKU1005,832,PureClean Detergent 1kg
2025-11-12,STR008,SKU1001,836,Alpine Spring Water 1L
2025-11-12,STR008,SKU1002,744,CrispLite Potato Chips
2025-11-12,STR008,SKU1003,867,FreshBrew Coffee 250g
2025-11-12,STR008,SKU1004,629,GlowSkin Face Wash 100ml
2025-11-12,STR008,SKU1005,633,PureClean Detergent 1kg
2025-11-12,STR009,SKU1001,494,Alpine Spring Water 1L
2025-11-12,STR009,SKU1002,818,CrispLite Potato Chips
2025-11-12,STR009,SKU1003,582,FreshBrew Coffee 250g
2025-11-12,STR009,SKU1004,879,GlowSkin Face Wash 100ml
2025-11-12,STR009,SKU1005,739,PureClean Detergent 1kg
2025-11-12,STR010,SKU1001,804,Alpine Spring Water 1L
2025-11-12,STR010,SKU1002,834,CrispLite Potato Chips
2025-11-12,STR010,SKU1003,628,FreshBrew Coffee 250g
2025-11-12,STR010,SKU1004,875,GlowSkin Face Wash 100ml
2025-11-12,STR010,SKU1005,524,PureClean Detergent 1kg
2025-11-13,STR001,SKU1001,290,Alpine Spring Water 1L
2025-11-13,STR001,SKU1002,255,CrispLite Potato Chips
2025-11-13,STR001,SKU1003,342,FreshBrew Coffee 250g
2025-11-13,STR001,SKU1004,267,GlowSkin Face Wash 100ml
2025-11-13,STR001,SKU1005,306,PureClean Detergent 1kg
2025-11-13,STR002,SKU1001,239,Alpine Spring Water 1L
2025-11-13,STR002,SKU1002,319,CrispLite Potato Chips
2025-11-13,STR002,SKU1003,308,FreshBrew Coffee 250g
2025-11-13,STR002,SKU1004,266,GlowSkin Face Wash 100ml
2025-11-13,STR002,SKU1005,358,PureClean Detergent 1kg
2025-11-13,STR003,SKU1001,396,Alpine Spring Water 1L
2025-11-13,STR003,SKU1002,249,CrispLite Potato Chips
2025-11-13,STR003,SKU1003,311,FreshBrew Coffee 250g
2025-11-13,STR003,SKU1004,246,GlowSkin Face Wash 100ml
2025-11-13,STR003,SKU1005,392,PureClean Detergent 1kg
2025-11-13,STR004,SKU1001,1612,Alpine Spring Water 1L
2025-11-13,STR004,SKU1002,1277,CrispLite Potato Chips
2025-11-13,STR004,SKU1003,1644,FreshBrew Coffee 250g
2025-11-13,STR004,SKU1004,1413,GlowSkin Face Wash 100ml
2025-11-13,STR004,SKU1005,1678,PureClean Detergent 1kg
2025-11-13,STR005,SKU1001,1431,Alpine Spring Water 1L
2025-11-13,STR005,SKU1002,1607,CrispLite Potato Chips
2025-11-13,STR005,SKU1003,1985,FreshBrew Coffee 250g
2025-11-13,STR005,SKU1004,1093,GlowSkin Face Wash 100ml
2025-11-13,STR005,SKU1005,1436,PureClean Detergent 1kg
2025-11-13,STR006,SKU1001,815,Alpine Spring Water 1L
2025-11-13,STR006,SKU1002,610,CrispLite Potato Chips
2025-11-13,STR006,SKU1003,473,FreshBrew Coffee 250g
2025-11-13,STR006,SKU1004,655,GlowSkin Face Wash 100ml
2025-11-13,STR006,SKU1005,849,PureClean Detergent 1kg
2025-11-13,STR007,SKU1001,886,Alpine Spring Water 1L
2025-11-13,STR007,SKU1002,861,CrispLite Potato Chips
2025-11-13,STR007,SKU1003,911,FreshBrew Coffee 250g
2025-11-13,STR007,SKU1004,657,GlowSkin Face Wash 100ml
2025-11-13,STR007,SKU1005,623,PureClean Detergent 1kg
2025-11-13,STR008,SKU1001,748,Alpine Spring Water 1L
2025-11-13,STR008,SKU1002,573,CrispLite Potato Chips
2025-11-13,STR008,SKU1003,835,FreshBrew Coffee 250g
2025-11-13,STR008,SKU1004,615,GlowSkin Face Wash 100ml
2025-11-13,STR008,SKU1005,589,PureClean Detergent 1kg
2025-11-13,STR009,SKU1001,776,Alpine Spring Water 1L
2025-11-13,STR009,SKU1002,784,CrispLite Potato Chips
2025-11-13,STR009,SKU1003,547,FreshBrew Coffee 250g
2025-11-13,STR009,SKU1004,543,GlowSkin Face Wash 100ml
2025-11-13,STR009,SKU1005,856,PureClean Detergent 1kg
2025-11-13,STR010,SKU1001,664,Alpine Spring Water 1L
2025-11-13,STR010,SKU1002,528,CrispLite Potato Chips
2025-11-13,STR010,SKU1003,850,FreshBrew Coffee 250g
2025-11-13,STR010,SKU1004,833,GlowSkin Face Wash 100ml
2025-11-13,STR010,SKU1005,689,PureClean Detergent 1kg
2025-11-14,STR001,SKU1001,310,Alpine Spring Water 1L
2025-11-14,STR001,SKU1002,307,CrispLite Potato Chips
2025-11-14,STR001,SKU1003,259,FreshBrew Coffee 250g
2025-11-14,STR001,SKU1004,304,GlowSkin Face Wash 100ml
2025-11-14,STR001,SKU1005,261,PureClean Detergent 1kg
2025-11-14,STR002,SKU1001,313,Alpine Spring Water 1L
2025-11-14,STR002,SKU1002,270,CrispLite Potato Chips
2025-11-14,STR002,SKU1003,289,FreshBrew Coffee 250g
2025-11-14,STR002,SKU1004,253,GlowSkin Face Wash 100ml
2025-11-14,STR002,SKU1005,237,PureClean Detergent 1kg
2025-11-14,STR003,SKU1001,222,Alpine Spring Water 1L
2025-11-14,STR003,SKU1002,203,CrispLite Potato Chips
2025-11-14,STR003,SKU1003,310,FreshBrew Coffee 250g
2025-11-14,STR003,SKU1004,292,GlowSkin Face Wash 100ml
2025-11-14,STR003,SKU1005,374,PureClean Detergent 1kg
2025-11-14,STR004,SKU1001,1938,Alpine Spring Water 1L
2025-11-14,STR004,SKU1002,962,CrispLite Potato Chips
2025-11-14,STR004,SKU1003,1903,FreshBrew Coffee 250g
2025-11-14,STR004,SKU1004,1437,GlowSkin Face Wash 100ml
2025-11-14,STR004,SKU1005,1958,PureClean Detergent 1kg
2025-11-14,STR005,SKU1001,1530,Alpine Spring Water 1L
2025-11-14,STR005,SKU1002,1344,CrispLite Potato Chips
2025-11-14,STR005,SKU1003,1280,FreshBrew Coffee 250g
2025-11-14,STR005,SKU1004,1328,GlowSkin Face Wash 100ml
2025-11-14,STR005,SKU1005,1733,PureClean Detergent 1kg
2025-11-14,STR006,SKU1001,812,Alpine Spring Water 1L
2025-11-14,STR006,SKU1002,727,CrispLite Potato Chips
2025-11-14,STR006,SKU1003,623,FreshBrew Coffee 250g
2025-11-14,STR006,SKU1004,754,GlowSkin Face Wash 100ml
2025-11-14,STR006,SKU1005,931,PureClean Detergent 1kg
2025-11-14,STR007,SKU1001,822,Alpine Spring Water 1L
2025-11-14,STR007,SKU1002,629,CrispLite Potato Chips
2025-11-14,STR007,SKU1003,873,FreshBrew Coffee 250g
2025-11-14,STR007,SKU1004,664,GlowSkin Face Wash 100ml
2025-11-14,STR007,SKU1005,554,PureClean Detergent 1kg
2025-11-14,STR008,SKU1001,708,Alpine Spring Water 1L
2025-11-14,STR008,SKU1002,835,CrispLite Potato Chips
2025-11-14,STR008,SKU1003,664,FreshBrew Coffee 250g
2025-11-14,STR008,SKU1004,543,GlowSkin Face Wash 100ml
2025-11-14,STR008,SKU1005,640,PureClean Detergent 1kg
2025-11-14,STR009,SKU1001,913,Alpine Spring Water 1L
2025-11-14,STR009,SKU1002,578,CrispLite Potato Chips
2025-11-14,STR009,SKU1003,879,FreshBrew Coffee 250g
2025-11-14,STR009,SKU1004,868,GlowSkin Face Wash 100ml
2025-11-14,STR009,SKU1005,692,PureClean Detergent 1kg
2025-11-14,STR010,SKU1001,582,Alpine Spring Water 1L
2025-11-14,STR010,SKU1002,867,CrispLite Potato Chips
2025-11-14,STR010,SKU1003,786,FreshBrew Coffee 250g
2025-11-14,STR010,SKU1004,695,GlowSkin Face Wash 100ml
2025-11-14,STR010,SKU1005,724,PureClean Detergent 1kg
2025-11-15,STR001,SKU1001,335,Alpine Spring Water 1L
2025-11-15,STR001,SKU1002,267,CrispLite Potato Chips
2025-11-15,STR001,SKU1003,377,FreshBrew Coffee 250g
2025-11-15,STR001,SKU1004,375,GlowSkin Face Wash 100ml
2025-11-15,STR001,SKU1005,207,PureClean Detergent 1kg
2025-11-15,STR002,SKU1001,285,Alpine Spring Water 1L
2025-11-15,STR002,SKU1002,381,CrispLite Potato Chips
2025-11-15,STR002,SKU1003,404,FreshBrew Coffee 250g
2025-11-15,STR002,SKU1004,319,GlowSkin Face Wash 100ml
2025-11-15,STR002,SKU1005,373,PureClean Detergent 1kg
2025-11-15,STR003,SKU1001,255,Alpine Spring Water 1L
2025-11-15,STR003,SKU1002,325,CrispLite Potato Chips
2025-11-15,STR003,SKU1003,368,FreshBrew Coffee 250g
2025-11-15,STR003,SKU1004,294,GlowSkin Face Wash 100ml
2025-11-15,STR003,SKU1005,230,PureClean Detergent 1kg
2025-11-15,STR004,SKU1001,1567,Alpine Spring Water 1L
2025-11-15,STR004,SKU1002,1938,CrispLite Potato Chips
2025-11-15,STR004,SKU1003,1503,FreshBrew Coffee 250g
2025-11-15,STR004,SKU1004,1040,GlowSkin Face Wash 100ml
2025-11-15,STR004,SKU1005,1406,PureClean Detergent 1kg
2025-11-15,STR005,SKU1001,1211,Alpine Spring Water 1L
2025-11-15,STR005,SKU1002,1255,CrispLite Potato Chips
2025-11-15,STR005,SKU1003,1788,FreshBrew Coffee 250g
2025-11-15,STR005,SKU1004,1724,GlowSkin Face Wash 100ml
2025-11-15,STR005,SKU1005,2097,PureClean Detergent 1kg
2025-11-15,STR006,SKU1001,785,Alpine Spring Water 1L
2025-11-15,STR006,SKU1002,579,CrispLite Potato Chips
2025-11-15,STR006,SKU1003,606,FreshBrew Coffee 250g
2025-11-15,STR006,SKU1004,558,GlowSkin Face Wash 100ml
2025-11-15,STR006,SKU1005,845,PureClean Detergent 1kg
2025-11-15,STR007,SKU1001,624,Alpine Spring Water 1L
2025-11-15,STR007,SKU1002,792,CrispLite Potato Chips
2025-11-15,STR007,SKU1003,926,FreshBrew Coffee 250g
2025-11-15,STR007,SKU1004,677,GlowSkin Face Wash 100ml
2025-11-15,STR007,SKU1005,951,PureClean Detergent 1kg
2025-11-15,STR008,SKU1001,817,Alpine Spring Water 1L
2025-11-15,STR008,SKU1002,539,CrispLite Potato Chips
2025-11-15,STR008,SKU1003,754,FreshBrew Coffee 250g
2025-11-15,STR008,SKU1004,694,GlowSkin Face Wash 100ml
2025-11-15,STR008,SKU1005,624,PureClean Detergent 1kg
2025-11-15,STR009,SKU1001,523,Alpine Spring Water 1L
2025-11-15,STR009,SKU1002,728,CrispLite Potato Chips
2025-11-15,STR009,SKU1003,461,FreshBrew Coffee 250g
2025-11-15,STR009,SKU1004,830,GlowSkin Face Wash 100ml
2025-11-15,STR009,SKU1005,471,PureClean Detergent 1kg
2025-11-15,STR010,SKU1001,740,Alpine Spring Water 1L
2025-11-15,STR010,SKU1002,589,CrispLite Potato Chips
2025-11-15,STR010,SKU1003,483,FreshBrew Coffee 250g
2025-11-15,STR010,SKU1004,789,GlowSkin Face Wash 100ml
2025-11-15,STR010,SKU1005,808,PureClean Detergent 1kg
