id,date,sku,store_id,units_sold
189033,2024-08-31,SKU1001,STR001,77
189034,2024-08-31,SKU1002,STR001,76
189035,2024-08-31,SKU1001,STR002,77
189036,2024-08-31,SKU1002,STR002,94
189037,2024-08-31,SKU1001,STR003,77
189038,2024-08-31,SKU1002,STR003,50
189039,2024-09-01,SKU1001,STR001,86
189040,2024-09-01,SKU1002,STR001,74
189041,2024-09-01,SKU1001,STR002,75
189042,2024-09-01,SKU1002,STR002,82
189043,2024-09-01,SKU1001,STR003,84
189044,2024-09-01,SKU1002,STR003,103
189045,2024-09-02,SKU1001,STR001,93
189046,2024-09-02,SKU1002,STR001,82
189047,2024-09-02,SKU1001,STR002,65
189048,2024-09-02,SKU1002,STR002,59
189049,2024-09-02,SKU1001,STR003,84
189050,2024-09-02,SKU1002,STR003,106
189051,2024-09-03,SKU1001,STR001,80
189052,2024-09-03,SKU1002,STR001,77
189053,2024-09-03,SKU1001,STR002,90
189054,2024-09-03,SKU1002,STR002,50
189055,2024-09-03,SKU1001,STR003,73
189056,2024-09-03,SKU1002,STR003,89
189057,2024-09-04,SKU1001,STR001,97
189058,2024-09-04,SKU1002,STR001,75
189059,2024-09-04,SKU1001,STR002,87
189060,2024-09-04,SKU1002,STR002,84
189061,2024-09-04,SKU1001,STR003,95
189062,2024-09-04,SKU1002,STR003,57
189063,2024-09-05,SKU1001,STR001,91
189064,2024-09-05,SKU1002,STR001,49
189065,2024-09-05,SKU1001,STR002,27
189066,2024-09-05,SKU1002,STR002,67
189067,2024-09-05,SKU1001,STR003,61
189068,2024-09-05,SKU1002,STR003,97
189069,2024-09-06,SKU1001,STR001,93
189070,2024-09-06,SKU1002,STR001,55
189071,2024-09-06,SKU1001,STR002,96
189072,2024-09-06,SKU1002,STR002,59
189073,2024-09-06,SKU1001,STR003,78
189074,2024-09-06,SKU1002,STR003,74
189075,2024-09-07,SKU1001,STR001,82
189076,2024-09-07,SKU1002,STR001,96
189077,2024-09-07,SKU1001,STR002,92
189078,2024-09-07,SKU1002,STR002,86
189079,2024-09-07,SKU1001,STR003,92
189080,2024-09-07,SKU1002,STR003,89
189081,2024-09-08,SKU1001,STR001,67
189082,2024-09-08,SKU1002,STR001,65
189083,2024-09-08,SKU1001,STR002,70
189084,2024-09-08,SKU1002,STR002,89
189085,2024-09-08,SKU1001,STR003,74
189086,2024-09-08,SKU1002,STR003,126
189087,2024-09-09,SKU1001,STR001,63
189088,2024-09-09,SKU1002,STR001,58
189089,2024-09-09,SKU1001,STR002,95
189090,2024-09-09,SKU1002,STR002,108
189091,2024-09-09,SKU1001,STR003,90
189092,2024-09-09,SKU1002,STR003,96
189093,2024-09-10,SKU1001,STR001,108
189094,2024-09-10,SKU1002,STR001,78
189095,2024-09-10,SKU1001,STR002,51
189096,2024-09-10,SKU1002,STR002,69
189097,2024-09-10,SKU1001,STR003,99
189098,2024-09-10,SKU1002,STR003,51
189099,2024-09-11,SKU1001,STR001,80
189100,2024-09-11,SKU1002,STR001,85
189101,2024-09-11,SKU1001,STR002,73
189102,2024-09-11,SKU1002,STR002,94
189103,2024-09-11,SKU1001,STR003,91
189104,2024-09-11,SKU1002,STR003,126
189105,2024-09-12,SKU1001,STR001,92
189106,2024-09-12,SKU1002,STR001,67
189107,2024-09-12,SKU1001,STR002,68
189108,2024-09-12,SKU1002,STR002,63
189109,2024-09-12,SKU1001,STR003,99
189110,2024-09-12,SKU1002,STR003,68
189111,2024-09-13,SKU1001,STR001,78
189112,2024-09-13,SKU1002,STR001,94
189113,2024-09-13,SKU1001,STR002,65
189114,2024-09-13,SKU1002,STR002,74
189115,2024-09-13,SKU1001,STR003,43
189116,2024-09-13,SKU1002,STR003,58
189117,2024-09-14,SKU1001,STR001,68
189118,2024-09-14,SKU1002,STR001,88
189119,2024-09-14,SKU1001,STR002,103
189120,2024-09-14,SKU1002,STR002,79
189121,2024-09-14,SKU1001,STR003,85
189122,2024-09-14,SKU1002,STR003,83
189123,2024-09-15,SKU1001,STR001,101
189124,2024-09-15,SKU1002,STR001,97
189125,2024-09-15,SKU1001,STR002,85
189126,2024-09-15,SKU1002,STR002,59
189127,2024-09-15,SKU1001,STR003,98
189128,2024-09-15,SKU1002,STR003,87
189129,2024-09-16,SKU1001,STR001,104
189130,2024-09-16,SKU1002,STR001,79
189131,2024-09-16,SKU1001,STR002,119
189132,2024-09-16,SKU1002,STR002,72
189133,2024-09-16,SKU1001,STR003,111
189134,2024-09-16,SKU1002,STR003,82
189135,2024-09-17,SKU1001,STR001,69
189136,2024-09-17,SKU1002,STR001,57
189137,2024-09-17,SKU1001,STR002,76
189138,2024-09-17,SKU1002,STR002,108
189139,2024-09-17,SKU1001,STR003,96
189140,2024-09-17,SKU1002,STR003,93
189141,2024-09-18,SKU1001,STR001,32
189142,2024-09-18,SKU1002,STR001,94
189143,2024-09-18,SKU1001,STR002,91
189144,2024-09-18,SKU1002,STR002,69
189145,2024-09-18,SKU1001,STR003,67
189146,2024-09-18,SKU1002,STR003,79
189147,2024-09-19,SKU1001,STR001,114
189148,2024-09-19,SKU1002,STR001,58
189149,2024-09-19,SKU1001,STR002,71
189150,2024-09-19,SKU1002,STR002,107
189151,2024-09-19,SKU1001,STR003,71
189152,2024-09-19,SKU1002,STR003,72
189153,2024-09-20,SKU1001,STR001,81
189154,2024-09-20,SKU1002,STR001,55
189155,2024-09-20,SKU1001,STR002,84
189156,2024-09-20,SKU1002,STR002,55
189157,2024-09-20,SKU1001,STR003,97
189158,2024-09-20,SKU1002,STR003,80
189159,2024-09-21,SKU1001,STR001,125
189160,2024-09-21,SKU1002,STR001,85
189161,2024-09-21,SKU1001,STR002,107
189162,2024-09-21,SKU1002,STR002,53
189163,2024-09-21,SKU1001,STR003,77
189164,2024-09-21,SKU1002,STR003,86
189165,2024-09-22,SKU1001,STR001,114
189166,2024-09-22,SKU1002,STR001,46
189167,2024-09-22,SKU1001,STR002,99
189168,2024-09-22,SKU1002,STR002,91
189169,2024-09-22,SKU1001,STR003,110
189170,2024-09-22,SKU1002,STR003,94
189171,2024-09-23,SKU1001,STR001,81
189172,2024-09-23,SKU1002,STR001,69
189173,2024-09-23,SKU1001,STR002,55
189174,2024-09-23,SKU1002,STR002,83
189175,2024-09-23,SKU1001,STR003,76
189176,2024-09-23,SKU1002,STR003,120
189177,2024-09-24,SKU1001,STR001,67
189178,2024-09-24,SKU1002,STR001,86
189179,2024-09-24,SKU1001,STR002,48
189180,2024-09-24,SKU1002,STR002,72
189181,2024-09-24,SKU1001,STR003,85
189182,2024-09-24,SKU1002,STR003,96
189183,2024-09-25,SKU1001,STR001,108
189184,2024-09-25,SKU1002,STR001,79
189185,2024-09-25,SKU1001,STR002,57
189186,2024-09-25,SKU1002,STR002,89
189187,2024-09-25,SKU1001,STR003,90
189188,2024-09-25,SKU1002,STR003,89
189189,2024-09-26,SKU1001,STR001,65
189190,2024-09-26,SKU1002,STR001,102
189191,2024-09-26,SKU1001,STR002,81
189192,2024-09-26,SKU1002,STR002,93
189193,2024-09-26,SKU1001,STR003,105
189194,2024-09-26,SKU1002,STR003,92
189195,2024-09-27,SKU1001,STR001,85
189196,2024-09-27,SKU1002,STR001,123
189197,2024-09-27,SKU1001,STR002,84
189198,2024-09-27,SKU1002,STR002,74
189199,2024-09-27,SKU1001,STR003,82
189200,2024-09-27,SKU1002,STR003,109
189201,2024-09-28,SKU1001,STR001,82
189202,2024-09-28,SKU1002,STR001,90
189203,2024-09-28,SKU1001,STR002,103
189204,2024-09-28,SKU1002,STR002,69
189205,2024-09-28,SKU1001,STR003,45
189206,2024-09-28,SKU1002,STR003,85
189207,2024-09-29,SKU1001,STR001,84
189208,2024-09-29,SKU1002,STR001,67
189209,2024-09-29,SKU1001,STR002,97
189210,2024-09-29,SKU1002,STR002,92
189211,2024-09-29,SKU1001,STR003,60
189212,2024-09-29,SKU1002,STR003,90
189213,2024-09-30,SKU1001,STR001,76
189214,2024-09-30,SKU1002,STR001,50
189215,2024-09-30,SKU1001,STR002,89
189216,2024-09-30,SKU1002,STR002,79
189217,2024-09-30,SKU1001,STR003,65
189218,2024-09-30,SKU1002,STR003,90
189219,2024-10-01,SKU1001,STR001,89
189220,2024-10-01,SKU1002,STR001,68
189221,2024-10-01,SKU1001,STR002,88
189222,2024-10-01,SKU1002,STR002,100
189223,2024-10-01,SKU1001,STR003,65
189224,2024-10-01,SKU1002,STR003,87
189225,2024-10-02,SKU1001,STR001,80
189226,2024-10-02,SKU1002,STR001,125
189227,2024-10-02,SKU1001,STR002,42
189228,2024-10-02,SKU1002,STR002,93
189229,2024-10-02,SKU1001,STR003,73
189230,2024-10-02,SKU1002,STR003,77
189231,2024-10-03,SKU1001,STR001,118
189232,2024-10-03,SKU1002,STR001,79
189233,2024-10-03,SKU1001,STR002,124
189234,2024-10-03,SKU1002,STR002,71
189235,2024-10-03,SKU1001,STR003,87
189236,2024-10-03,SKU1002,STR003,70
189237,2024-10-04,SKU1001,STR001,66
189238,2024-10-04,SKU1002,STR001,81
189239,2024-10-04,SKU1001,STR002,74
189240,2024-10-04,SKU1002,STR002,84
189241,2024-10-04,SKU1001,STR003,37
189242,2024-10-04,SKU1002,STR003,120
189243,2024-10-05,SKU1001,STR001,76
189244,2024-10-05,SKU1002,STR001,114
189245,2024-10-05,SKU1001,STR002,59
189246,2024-10-05,SKU1002,STR002,85
189247,2024-10-05,SKU1001,STR003,143
189248,2024-10-05,SKU1002,STR003,62
189249,2024-10-06,SKU1001,STR001,50
189250,2024-10-06,SKU1002,STR001,69
189251,2024-10-06,SKU1001,STR002,89
189252,2024-10-06,SKU1002,STR002,93
189253,2024-10-06,SKU1001,STR003,105
189254,2024-10-06,SKU1002,STR003,74
189255,2024-10-07,SKU1001,STR001,47
189256,2024-10-07,SKU1002,STR001,71
189257,2024-10-07,SKU1001,STR002,104
189258,2024-10-07,SKU1002,STR002,89
189259,2024-10-07,SKU1001,STR003,40
189260,2024-10-07,SKU1002,STR003,79
189261,2024-10-08,SKU1001,STR001,107
189262,2024-10-08,SKU1002,STR001,122
189263,2024-10-08,SKU1001,STR002,91
189264,2024-10-08,SKU1002,STR002,86
189265,2024-10-08,SKU1001,STR003,55
189266,2024-10-08,SKU1002,STR003,63
189267,2024-10-09,SKU1001,STR001,80
189268,2024-10-09,SKU1002,STR001,90
189269,2024-10-09,SKU1001,STR002,91
189270,2024-10-09,SKU1002,STR002,70
189271,2024-10-09,SKU1001,STR003,56
189272,2024-10-09,SKU1002,STR003,64
189273,2024-10-10,SKU1001,STR001,56
189274,2024-10-10,SKU1002,STR001,92
189275,2024-10-10,SKU1001,STR002,33
189276,2024-10-10,SKU1002,STR002,73
189277,2024-10-10,SKU1001,STR003,88
189278,2024-10-10,SKU1002,STR003,110
189279,2024-10-11,SKU1001,STR001,81
189280,2024-10-11,SKU1002,STR001,100
189281,2024-10-11,SKU1001,STR002,72
189282,2024-10-11,SKU1002,STR002,65
189283,2024-10-11,SKU1001,STR003,66
189284,2024-10-11,SKU1002,STR003,110
189285,2024-10-12,SKU1001,STR001,99
189286,2024-10-12,SKU1002,STR001,89
189287,2024-10-12,SKU1001,STR002,146
189288,2024-10-12,SKU1002,STR002,79
189289,2024-10-12,SKU1001,STR003,92
189290,2024-10-12,SKU1002,STR003,86
189291,2024-10-13,SKU1001,STR001,75
189292,2024-10-13,SKU1002,STR001,126
189293,2024-10-13,SKU1001,STR002,110
189294,2024-10-13,SKU1002,STR002,52
189295,2024-10-13,SKU1001,STR003,72
189296,2024-10-13,SKU1002,STR003,88
189297,2024-10-14,SKU1001,STR001,95
189298,2024-10-14,SKU1002,STR001,53
189299,2024-10-14,SKU1001,STR002,34
189300,2024-10-14,SKU1002,STR002,41
189301,2024-10-14,SKU1001,STR003,78
189302,2024-10-14,SKU1002,STR003,77
189303,2024-10-15,SKU1001,STR001,86
189304,2024-10-15,SKU1002,STR001,64
189305,2024-10-15,SKU1001,STR002,55
189306,2024-10-15,SKU1002,STR002,39
189307,2024-10-15,SKU1001,STR003,86
189308,2024-10-15,SKU1002,STR003,87
189309,2024-10-16,SKU1001,STR001,99
189310,2024-10-16,SKU1002,STR001,95
189311,2024-10-16,SKU1001,STR002,76
189312,2024-10-16,SKU1002,STR002,106
189313,2024-10-16,SKU1001,STR003,77
189314,2024-10-16,SKU1002,STR003,66
189315,2024-10-17,SKU1001,STR001,69
189316,2024-10-17,SKU1002,STR001,68
189317,2024-10-17,SKU1001,STR002,36
189318,2024-10-17,SKU1002,STR002,83
189319,2024-10-17,SKU1001,STR003,84
189320,2024-10-17,SKU1002,STR003,72
189321,2024-10-18,SKU1001,STR001,65
189322,2024-10-18,SKU1002,STR001,87
189323,2024-10-18,SKU1001,STR002,114
189324,2024-10-18,SKU1002,STR002,80
189325,2024-10-18,SKU1001,STR003,69
189326,2024-10-18,SKU1002,STR003,68
189327,2024-10-19,SKU1001,STR001,78
189328,2024-10-19,SKU1002,STR001,54
189329,2024-10-19,SKU1001,STR002,77
189330,2024-10-19,SKU1002,STR002,81
189331,2024-10-19,SKU1001,STR003,116
189332,2024-10-19,SKU1002,STR003,98
189333,2024-10-20,SKU1001,STR001,100
189334,2024-10-20,SKU1002,STR001,65
189335,2024-10-20,SKU1001,STR002,93
189336,2024-10-20,SKU1002,STR002,57
189337,2024-10-20,SKU1001,STR003,86
189338,2024-10-20,SKU1002,STR003,88
189339,2024-10-21,SKU1001,STR001,64
189340,2024-10-21,SKU1002,STR001,119
189341,2024-10-21,SKU1001,STR002,91
189342,2024-10-21,SKU1002,STR002,41
189343,2024-10-21,SKU1001,STR003,91
189344,2024-10-21,SKU1002,STR003,71
189345,2024-10-22,SKU1001,STR001,80
189346,2024-10-22,SKU1002,STR001,89
189347,2024-10-22,SKU1001,STR002,87
189348,2024-10-22,SKU1002,STR002,39
189349,2024-10-22,SKU1001,STR003,56
189350,2024-10-22,SKU1002,STR003,95
189351,2024-10-23,SKU1001,STR001,106
189352,2024-10-23,SKU1002,STR001,118
189353,2024-10-23,SKU1001,STR002,116
189354,2024-10-23,SKU1002,STR002,38
189355,2024-10-23,SKU1001,STR003,95
189356,2024-10-23,SKU1002,STR003,41
189357,2024-10-24,SKU1001,STR001,112
189358,2024-10-24,SKU1002,STR001,85
189359,2024-10-24,SKU1001,STR002,57
189360,2024-10-24,SKU1002,STR002,120
189361,2024-10-24,SKU1001,STR003,92
189362,2024-10-24,SKU1002,STR003,42
189363,2024-10-25,SKU1001,STR001,85
189364,2024-10-25,SKU1002,STR001,65
189365,2024-10-25,SKU1001,STR002,82
189366,2024-10-25,SKU1002,STR002,70
189367,2024-10-25,SKU1001,STR003,107
189368,2024-10-25,SKU1002,STR003,51
189369,2024-10-26,SKU1001,STR001,86
189370,2024-10-26,SKU1002,STR001,116
189371,2024-10-26,SKU1001,STR002,63
189372,2024-10-26,SKU1002,STR002,84
189373,2024-10-26,SKU1001,STR003,84
189374,2024-10-26,SKU1002,STR003,66
189375,2024-10-27,SKU1001,STR001,92
189376,2024-10-27,SKU1002,STR001,81
189377,2024-10-27,SKU1001,STR002,61
189378,2024-10-27,SKU1002,STR002,115
189379,2024-10-27,SKU1001,STR003,95
189380,2024-10-27,SKU1002,STR003,76
189381,2024-10-28,SKU1001,STR001,67
189382,2024-10-28,SKU1002,STR001,64
189383,2024-10-28,SKU1001,STR002,104
189384,2024-10-28,SKU1002,STR002,77
189385,2024-10-28,SKU1001,STR003,89
189386,2024-10-28,SKU1002,STR003,76
189387,2024-10-29,SKU1001,STR001,92
189388,2024-10-29,SKU1002,STR001,77
189389,2024-10-29,SKU1001,STR002,95
189390,2024-10-29,SKU1002,STR002,76
189391,2024-10-29,SKU1001,STR003,96
189392,2024-10-29,SKU1002,STR003,93
189393,2024-10-30,SKU1001,STR001,77
189394,2024-10-30,SKU1002,STR001,62
189395,2024-10-30,SKU1001,STR002,61
189396,2024-10-30,SKU1002,STR002,65
189397,2024-10-30,SKU1001,STR003,60
189398,2024-10-30,SKU1002,STR003,97
189399,2024-10-31,SKU1001,STR001,79
189400,2024-10-31,SKU1002,STR001,111
189401,2024-10-31,SKU1001,STR002,125
189402,2024-10-31,SKU1002,STR002,80
189403,2024-10-31,SKU1001,STR003,49
189404,2024-10-31,SKU1002,STR003,72
189405,2024-11-01,SKU1001,STR001,118
189406,2024-11-01,SKU1002,STR001,90
189407,2024-11-01,SKU1001,STR002,114
189408,2024-11-01,SKU1002,STR002,125
189409,2024-11-01,SKU1001,STR003,110
189410,2024-11-01,SKU1002,STR003,104
189411,2024-11-02,SKU1001,STR001,104
189412,2024-11-02,SKU1002,STR001,155
189413,2024-11-02,SKU1001,STR002,116
189414,2024-11-02,SKU1002,STR002,103
189415,2024-11-02,SKU1001,STR003,112
189416,2024-11-02,SKU1002,STR003,139
189417,2024-11-03,SKU1001,STR001,106
189418,2024-11-03,SKU1002,STR001,129
189419,2024-11-03,SKU1001,STR002,134
189420,2024-11-03,SKU1002,STR002,134
189421,2024-11-03,SKU1001,STR003,147
189422,2024-11-03,SKU1002,STR003,108
189423,2024-11-04,SKU1001,STR001,142
189424,2024-11-04,SKU1002,STR001,104
189425,2024-11-04,SKU1001,STR002,112
189426,2024-11-04,SKU1002,STR002,143
189427,2024-11-04,SKU1001,STR003,136
189428,2024-11-04,SKU1002,STR003,120
189429,2024-11-05,SKU1001,STR001,96
189430,2024-11-05,SKU1002,STR001,131
189431,2024-11-05,SKU1001,STR002,107
189432,2024-11-05,SKU1002,STR002,101
189433,2024-11-05,SKU1001,STR003,107
189434,2024-11-05,SKU1002,STR003,124
189435,2024-11-06,SKU1001,STR001,77
189436,2024-11-06,SKU1002,STR001,127
189437,2024-11-06,SKU1001,STR002,123
189438,2024-11-06,SKU1002,STR002,108
189439,2024-11-06,SKU1001,STR003,140
189440,2024-11-06,SKU1002,STR003,132
189441,2024-11-07,SKU1001,STR001,107
189442,2024-11-07,SKU1002,STR001,106
189443,2024-11-07,SKU1001,STR002,133
189444,2024-11-07,SKU1002,STR002,89
189445,2024-11-07,SKU1001,STR003,113
189446,2024-11-07,SKU1002,STR003,107
189447,2024-11-08,SKU1001,STR001,121
189448,2024-11-08,SKU1002,STR001,124
189449,2024-11-08,SKU1001,STR002,120
189450,2024-11-08,SKU1002,STR002,142
189451,2024-11-08,SKU1001,STR003,124
189452,2024-11-08,SKU1002,STR003,113
189453,2024-11-09,SKU1001,STR001,95
189454,2024-11-09,SKU1002,STR001,134
189455,2024-11-09,SKU1001,STR002,130
189456,2024-11-09,SKU1002,STR002,149
189457,2024-11-09,SKU1001,STR003,105
189458,2024-11-09,SKU1002,STR003,120
189459,2024-11-10,SKU1001,STR001,118
189460,2024-11-10,SKU1002,STR001,118
189461,2024-11-10,SKU1001,STR002,120
189462,2024-11-10,SKU1002,STR002,85
189463,2024-11-10,SKU1001,STR003,136
189464,2024-11-10,SKU1002,STR003,133
189465,2024-11-11,SKU1001,STR001,142
189466,2024-11-11,SKU1002,STR001,164
189467,2024-11-11,SKU1001,STR002,113
189468,2024-11-11,SKU1002,STR002,119
189469,2024-11-11,SKU1001,STR003,120
189470,2024-11-11,SKU1002,STR003,158
189471,2024-11-12,SKU1001,STR001,85
189472,2024-11-12,SKU1002,STR001,129
189473,2024-11-12,SKU1001,STR002,90
189474,2024-11-12,SKU1002,STR002,68
189475,2024-11-12,SKU1001,STR003,79
189476,2024-11-12,SKU1002,STR003,92
189477,2024-11-13,SKU1001,STR001,141
189478,2024-11-13,SKU1002,STR001,102
189479,2024-11-13,SKU1001,STR002,115
189480,2024-11-13,SKU1002,STR002,96
189481,2024-11-13,SKU1001,STR003,132
189482,2024-11-13,SKU1002,STR003,97
189483,2024-11-14,SKU1001,STR001,146
189484,2024-11-14,SKU1002,STR001,100
189485,2024-11-14,SKU1001,STR002,104
189486,2024-11-14,SKU1002,STR002,122
189487,2024-11-14,SKU1001,STR003,120
189488,2024-11-14,SKU1002,STR003,148
189489,2024-11-15,SKU1001,STR001,122
189490,2024-11-15,SKU1002,STR001,95
189491,2024-11-15,SKU1001,STR002,108
189492,2024-11-15,SKU1002,STR002,108
189493,2024-11-15,SKU1001,STR003,134
189494,2024-11-15,SKU1002,STR003,127
189495,2024-11-16,SKU1001,STR001,117
189496,2024-11-16,SKU1002,STR001,137
189497,2024-11-16,SKU1001,STR002,109
189498,2024-11-16,SKU1002,STR002,117
189499,2024-11-16,SKU1001,STR003,123
189500,2024-11-16,SKU1002,STR003,150
189501,2024-11-17,SKU1001,STR001,118
189502,2024-11-17,SKU1002,STR001,112
189503,2024-11-17,SKU1001,STR002,99
189504,2024-11-17,SKU1002,STR002,133
189505,2024-11-17,SKU1001,STR003,108
189506,2024-11-17,SKU1002,STR003,126
189507,2024-11-18,SKU1001,STR001,81
189508,2024-11-18,SKU1002,STR001,140
189509,2024-11-18,SKU1001,STR002,93
189510,2024-11-18,SKU1002,STR002,104
189511,2024-11-18,SKU1001,STR003,141
189512,2024-11-18,SKU1002,STR003,93
189513,2024-11-19,SKU1001,STR001,118
189514,2024-11-19,SKU1002,STR001,121
189515,2024-11-19,SKU1001,STR002,100
189516,2024-11-19,SKU1002,STR002,146
189517,2024-11-19,SKU1001,STR003,149
189518,2024-11-19,SKU1002,STR003,80
189519,2024-11-20,SKU1001,STR001,91
189520,2024-11-20,SKU1002,STR001,136
189521,2024-11-20,SKU1001,STR002,93
189522,2024-11-20,SKU1002,STR002,112
189523,2024-11-20,SKU1001,STR003,122
189524,2024-11-20,SKU1002,STR003,133
189525,2024-11-21,SKU1001,STR001,115
189526,2024-11-21,SKU1002,STR001,121
189527,2024-11-21,SKU1001,STR002,104
189528,2024-11-21,SKU1002,STR002,145
189529,2024-11-21,SKU1001,STR003,110
189530,2024-11-21,SKU1002,STR003,126
189531,2024-11-22,SKU1001,STR001,109
189532,2024-11-22,SKU1002,STR001,122
189533,2024-11-22,SKU1001,STR002,116
189534,2024-11-22,SKU1002,STR002,116
189535,2024-11-22,SKU1001,STR003,99
189536,2024-11-22,SKU1002,STR003,135
189537,2024-11-23,SKU1001,STR001,148
189538,2024-11-23,SKU1002,STR001,124
189539,2024-11-23,SKU1001,STR002,134
189540,2024-11-23,SKU1002,STR002,136
189541,2024-11-23,SKU1001,STR003,138
189542,2024-11-23,SKU1002,STR003,126
189543,2024-11-24,SKU1001,STR001,124
189544,2024-11-24,SKU1002,STR001,137
189545,2024-11-24,SKU1001,STR002,121
189546,2024-11-24,SKU1002,STR002,100
189547,2024-11-24,SKU1001,STR003,120
189548,2024-11-24,SKU1002,STR003,82
189549,2024-11-25,SKU1001,STR001,119
189550,2024-11-25,SKU1002,STR001,128
189551,2024-11-25,SKU1001,STR002,144
189552,2024-11-25,SKU1002,STR002,123
189553,2024-11-25,SKU1001,STR003,138
189554,2024-11-25,SKU1002,STR003,119
189555,2024-11-26,SKU1001,STR001,99
189556,2024-11-26,SKU1002,STR001,91
189557,2024-11-26,SKU1001,STR002,100
189558,2024-11-26,SKU1002,STR002,92
189559,2024-11-26,SKU1001,STR003,132
189560,2024-11-26,SKU1002,STR003,115
189561,2024-11-27,SKU1001,STR001,131
189562,2024-11-27,SKU1002,STR001,121
189563,2024-11-27,SKU1001,STR002,140
189564,2024-11-27,SKU1002,STR002,141
189565,2024-11-27,SKU1001,STR003,107
189566,2024-11-27,SKU1002,STR003,114
189567,2024-11-28,SKU1001,STR001,109
189568,2024-11-28,SKU1002,STR001,87
189569,2024-11-28,SKU1001,STR002,133
189570,2024-11-28,SKU1002,STR002,143
189571,2024-11-28,SKU1001,STR003,119
189572,2024-11-28,SKU1002,STR003,110
189573,2024-11-29,SKU1001,STR001,141
189574,2024-11-29,SKU1002,STR001,73
189575,2024-11-29,SKU1001,STR002,123
189576,2024-11-29,SKU1002,STR002,122
189577,2024-11-29,SKU1001,STR003,108
189578,2024-11-29,SKU1002,STR003,147
189579,2024-11-30,SKU1001,STR001,139
189580,2024-11-30,SKU1002,STR001,114
189581,2024-11-30,SKU1001,STR002,118
189582,2024-11-30,SKU1002,STR002,112
189583,2024-11-30,SKU1001,STR003,109
189584,2024-11-30,SKU1002,STR003,93
189585,2024-12-01,SKU1001,STR001,147
189586,2024-12-01,SKU1002,STR001,140
189587,2024-12-01,SKU1001,STR002,135
189588,2024-12-01,SKU1002,STR002,98
189589,2024-12-01,SKU1001,STR003,161
189590,2024-12-01,SKU1002,STR003,159
189591,2024-12-02,SKU1001,STR001,123
189592,2024-12-02,SKU1002,STR001,101
189593,2024-12-02,SKU1001,STR002,102
189594,2024-12-02,SKU1002,STR002,128
189595,2024-12-02,SKU1001,STR003,101
189596,2024-12-02,SKU1002,STR003,119
189597,2024-12-03,SKU1001,STR001,141
189598,2024-12-03,SKU1002,STR001,89
189599,2024-12-03,SKU1001,STR002,160
189600,2024-12-03,SKU1002,STR002,151
189601,2024-12-03,SKU1001,STR003,95
189602,2024-12-03,SKU1002,STR003,91
189603,2024-12-04,SKU1001,STR001,114
189604,2024-12-04,SKU1002,STR001,99
189605,2024-12-04,SKU1001,STR002,114
189606,2024-12-04,SKU1002,STR002,68
189607,2024-12-04,SKU1001,STR003,115
189608,2024-12-04,SKU1002,STR003,156
189609,2024-12-05,SKU1001,STR001,97
189610,2024-12-05,SKU1002,STR001,114
189611,2024-12-05,SKU1001,STR002,90
189612,2024-12-05,SKU1002,STR002,132
189613,2024-12-05,SKU1001,STR003,115
189614,2024-12-05,SKU1002,STR003,158
189615,2024-12-06,SKU1001,STR001,124
189616,2024-12-06,SKU1002,STR001,112
189617,2024-12-06,SKU1001,STR002,131
189618,2024-12-06,SKU1002,STR002,109
189619,2024-12-06,SKU1001,STR003,93
189620,2024-12-06,SKU1002,STR003,126
189621,2024-12-07,SKU1001,STR001,116
189622,2024-12-07,SKU1002,STR001,123
189623,2024-12-07,SKU1001,STR002,127
189624,2024-12-07,SKU1002,STR002,109
189625,2024-12-07,SKU1001,STR003,128
189626,2024-12-07,SKU1002,STR003,154
189627,2024-12-08,SKU1001,STR001,97
189628,2024-12-08,SKU1002,STR001,154
189629,2024-12-08,SKU1001,STR002,115
189630,2024-12-08,SKU1002,STR002,104
189631,2024-12-08,SKU1001,STR003,168
189632,2024-12-08,SKU1002,STR003,123
189633,2024-12-09,SKU1001,STR001,147
189634,2024-12-09,SKU1002,STR001,136
189635,2024-12-09,SKU1001,STR002,86
189636,2024-12-09,SKU1002,STR002,122
189637,2024-12-09,SKU1001,STR003,109
189638,2024-12-09,SKU1002,STR003,93
189639,2024-12-10,SKU1001,STR001,84
189640,2024-12-10,SKU1002,STR001,122
189641,2024-12-10,SKU1001,STR002,131
189642,2024-12-10,SKU1002,STR002,127
189643,2024-12-10,SKU1001,STR003,113
189644,2024-12-10,SKU1002,STR003,104
189645,2024-12-11,SKU1001,STR001,100
189646,2024-12-11,SKU1002,STR001,108
189647,2024-12-11,SKU1001,STR002,99
189648,2024-12-11,SKU1002,STR002,115
189649,2024-12-11,SKU1001,STR003,119
189650,2024-12-11,SKU1002,STR003,102
189651,2024-12-12,SKU1001,STR001,115
189652,2024-12-12,SKU1002,STR001,104
189653,2024-12-12,SKU1001,STR002,119
189654,2024-12-12,SKU1002,STR002,130
189655,2024-12-12,SKU1001,STR003,123
189656,2024-12-12,SKU1002,STR003,129
189657,2024-12-13,SKU1001,STR001,86
189658,2024-12-13,SKU1002,STR001,112
189659,2024-12-13,SKU1001,STR002,125
189660,2024-12-13,SKU1002,STR002,132
189661,2024-12-13,SKU1001,STR003,88
189662,2024-12-13,SKU1002,STR003,123
189663,2024-12-14,SKU1001,STR001,144
189664,2024-12-14,SKU1002,STR001,116
189665,2024-12-14,SKU1001,STR002,118
189666,2024-12-14,SKU1002,STR002,129
189667,2024-12-14,SKU1001,STR003,124
189668,2024-12-14,SKU1002,STR003,133
189669,2024-12-15,SKU1001,STR001,121
189670,2024-12-15,SKU1002,STR001,123
189671,2024-12-15,SKU1001,STR002,104
189672,2024-12-15,SKU1002,STR002,116
189673,2024-12-15,SKU1001,STR003,145
189674,2024-12-15,SKU1002,STR003,115
189675,2024-12-16,SKU1001,STR001,116
189676,2024-12-16,SKU1002,STR001,110
189677,2024-12-16,SKU1001,STR002,135
189678,2024-12-16,SKU1002,STR002,102
189679,2024-12-16,SKU1001,STR003,138
189680,2024-12-16,SKU1002,STR003,101
189681,2024-12-17,SKU1001,STR001,98
189682,2024-12-17,SKU1002,STR001,124
189683,2024-12-17,SKU1001,STR002,122
189684,2024-12-17,SKU1002,STR002,125
189685,2024-12-17,SKU1001,STR003,141
189686,2024-12-17,SKU1002,STR003,111
189687,2024-12-18,SKU1001,STR001,128
189688,2024-12-18,SKU1002,STR001,101
189689,2024-12-18,SKU1001,STR002,145
189690,2024-12-18,SKU1002,STR002,132
189691,2024-12-18,SKU1001,STR003,130
189692,2024-12-18,SKU1002,STR003,123
189693,2024-12-19,SKU1001,STR001,104
189694,2024-12-19,SKU1002,STR001,113
189695,2024-12-19,SKU1001,STR002,130
189696,2024-12-19,SKU1002,STR002,119
189697,2024-12-19,SKU1001,STR003,122
189698,2024-12-19,SKU1002,STR003,92
189699,2024-12-20,SKU1001,STR001,123
189700,2024-12-20,SKU1002,STR001,106
189701,2024-12-20,SKU1001,STR002,98
189702,2024-12-20,SKU1002,STR002,116
189703,2024-12-20,SKU1001,STR003,82
189704,2024-12-20,SKU1002,STR003,133
189705,2024-12-21,SKU1001,STR001,137
189706,2024-12-21,SKU1002,STR001,118
189707,2024-12-21,SKU1001,STR002,100
189708,2024-12-21,SKU1002,STR002,101
189709,2024-12-21,SKU1001,STR003,116
189710,2024-12-21,SKU1002,STR003,71
189711,2024-12-22,SKU1001,STR001,123
189712,2024-12-22,SKU1002,STR001,133
189713,2024-12-22,SKU1001,STR002,113
189714,2024-12-22,SKU1002,STR002,110
189715,2024-12-22,SKU1001,STR003,123
189716,2024-12-22,SKU1002,STR003,127
189717,2024-12-23,SKU1001,STR001,141
189718,2024-12-23,SKU1002,STR001,120
189719,2024-12-23,SKU1001,STR002,106
189720,2024-12-23,SKU1002,STR002,110
189721,2024-12-23,SKU1001,STR003,123
189722,2024-12-23,SKU1002,STR003,151
189723,2024-12-24,SKU1001,STR001,113
189724,2024-12-24,SKU1002,STR001,98
189725,2024-12-24,SKU1001,STR002,102
189726,2024-12-24,SKU1002,STR002,78
189727,2024-12-24,SKU1001,STR003,126
189728,2024-12-24,SKU1002,STR003,92
189729,2024-12-25,SKU1001,STR001,95
189730,2024-12-25,SKU1002,STR001,80
189731,2024-12-25,SKU1001,STR002,97
189732,2024-12-25,SKU1002,STR002,131
189733,2024-12-25,SKU1001,STR003,93
189734,2024-12-25,SKU1002,STR003,85
189735,2024-12-26,SKU1001,STR001,123
189736,2024-12-26,SKU1002,STR001,113
189737,2024-12-26,SKU1001,STR002,128
189738,2024-12-26,SKU1002,STR002,134
189739,2024-12-26,SKU1001,STR003,119
189740,2024-12-26,SKU1002,STR003,94
189741,2024-12-27,SKU1001,STR001,117
189742,2024-12-27,SKU1002,STR001,130
189743,2024-12-27,SKU1001,STR002,108
189744,2024-12-27,SKU1002,STR002,91
189745,2024-12-27,SKU1001,STR003,142
189746,2024-12-27,SKU1002,STR003,111
189747,2024-12-28,SKU1001,STR001,111
189748,2024-12-28,SKU1002,STR001,120
189749,2024-12-28,SKU1001,STR002,140
189750,2024-12-28,SKU1002,STR002,125
189751,2024-12-28,SKU1001,STR003,113
189752,2024-12-28,SKU1002,STR003,133
189753,2024-12-29,SKU1001,STR001,162
189754,2024-12-29,SKU1002,STR001,147
189755,2024-12-29,SKU1001,STR002,133
189756,2024-12-29,SKU1002,STR002,97
189757,2024-12-29,SKU1001,STR003,195
189758,2024-12-29,SKU1002,STR003,96
189759,2024-12-30,SKU1001,STR001,112
189760,2024-12-30,SKU1002,STR001,106
189761,2024-12-30,SKU1001,STR002,152
189762,2024-12-30,SKU1002,STR002,128
189763,2024-12-30,SKU1001,STR003,91
189764,2024-12-30,SKU1002,STR003,125
189765,2024-12-31,SKU1001,STR001,130
189766,2024-12-31,SKU1002,STR001,113
189767,2024-12-31,SKU1001,STR002,95
189768,2024-12-31,SKU1002,STR002,105
189769,2024-12-31,SKU1001,STR003,111
189770,2024-12-31,SKU1002,STR003,120
189771,2025-01-01,SKU1001,STR001,69
189772,2025-01-01,SKU1002,STR001,94
189773,2025-01-01,SKU1001,STR002,61
189774,2025-01-01,SKU1002,STR002,45
189775,2025-01-01,SKU1001,STR003,65
189776,2025-01-01,SKU1002,STR003,106
189777,2025-01-02,SKU1001,STR001,68
189778,2025-01-02,SKU1002,STR001,126
189779,2025-01-02,SKU1001,STR002,89
189780,2025-01-02,SKU1002,STR002,56
189781,2025-01-02,SKU1001,STR003,63
189782,2025-01-02,SKU1002,STR003,84
189783,2025-01-03,SKU1001,STR001,56
189784,2025-01-03,SKU1002,STR001,127
189785,2025-01-03,SKU1001,STR002,60
189786,2025-01-03,SKU1002,STR002,93
189787,2025-01-03,SKU1001,STR003,109
189788,2025-01-03,SKU1002,STR003,77
189789,2025-01-04,SKU1001,STR001,60
189790,2025-01-04,SKU1002,STR001,74
189791,2025-01-04,SKU1001,STR002,87
189792,2025-01-04,SKU1002,STR002,97
189793,2025-01-04,SKU1001,STR003,81
189794,2025-01-04,SKU1002,STR003,51
189795,2025-01-05,SKU1001,STR001,80
189796,2025-01-05,SKU1002,STR001,66
189797,2025-01-05,SKU1001,STR002,36
189798,2025-01-05,SKU1002,STR002,66
189799,2025-01-05,SKU1001,STR003,51
189800,2025-01-05,SKU1002,STR003,91
189801,2025-01-06,SKU1001,STR001,118
189802,2025-01-06,SKU1002,STR001,117
189803,2025-01-06,SKU1001,STR002,68
189804,2025-01-06,SKU1002,STR002,70
189805,2025-01-06,SKU1001,STR003,93
189806,2025-01-06,SKU1002,STR003,101
189807,2025-01-07,SKU1001,STR001,71
189808,2025-01-07,SKU1002,STR001,77
189809,2025-01-07,SKU1001,STR002,124
189810,2025-01-07,SKU1002,STR002,77
189811,2025-01-07,SKU1001,STR003,70
189812,2025-01-07,SKU1002,STR003,82
189813,2025-01-08,SKU1001,STR001,91
189814,2025-01-08,SKU1002,STR001,59
189815,2025-01-08,SKU1001,STR002,75
189816,2025-01-08,SKU1002,STR002,56
189817,2025-01-08,SKU1001,STR003,74
189818,2025-01-08,SKU1002,STR003,117
189819,2025-01-09,SKU1001,STR001,94
189820,2025-01-09,SKU1002,STR001,78
189821,2025-01-09,SKU1001,STR002,61
189822,2025-01-09,SKU1002,STR002,73
189823,2025-01-09,SKU1001,STR003,101
189824,2025-01-09,SKU1002,STR003,68
189825,2025-01-10,SKU1001,STR001,109
189826,2025-01-10,SKU1002,STR001,52
189827,2025-01-10,SKU1001,STR002,74
189828,2025-01-10,SKU1002,STR002,114
189829,2025-01-10,SKU1001,STR003,39
189830,2025-01-10,SKU1002,STR003,103
189831,2025-01-11,SKU1001,STR001,42
189832,2025-01-11,SKU1002,STR001,78
189833,2025-01-11,SKU1001,STR002,76
189834,2025-01-11,SKU1002,STR002,96
189835,2025-01-11,SKU1001,STR003,16
189836,2025-01-11,SKU1002,STR003,41
189837,2025-01-12,SKU1001,STR001,68
189838,2025-01-12,SKU1002,STR001,80
189839,2025-01-12,SKU1001,STR002,62
189840,2025-01-12,SKU1002,STR002,75
189841,2025-01-12,SKU1001,STR003,56
189842,2025-01-12,SKU1002,STR003,71
189843,2025-01-13,SKU1001,STR001,63
189844,2025-01-13,SKU1002,STR001,84
189845,2025-01-13,SKU1001,STR002,91
189846,2025-01-13,SKU1002,STR002,108
189847,2025-01-13,SKU1001,STR003,66
189848,2025-01-13,SKU1002,STR003,73
189849,2025-01-14,SKU1001,STR001,80
189850,2025-01-14,SKU1002,STR001,74
189851,2025-01-14,SKU1001,STR002,78
189852,2025-01-14,SKU1002,STR002,48
189853,2025-01-14,SKU1001,STR003,87
189854,2025-01-14,SKU1002,STR003,61
189855,2025-01-15,SKU1001,STR001,60
189856,2025-01-15,SKU1002,STR001,48
189857,2025-01-15,SKU1001,STR002,103
189858,2025-01-15,SKU1002,STR002,77
189859,2025-01-15,SKU1001,STR003,102
189860,2025-01-15,SKU1002,STR003,85
189861,2025-01-16,SKU1001,STR001,45
189862,2025-01-16,SKU1002,STR001,58
189863,2025-01-16,SKU1001,STR002,95
189864,2025-01-16,SKU1002,STR002,64
189865,2025-01-16,SKU1001,STR003,58
189866,2025-01-16,SKU1002,STR003,76
189867,2025-01-17,SKU1001,STR001,76
189868,2025-01-17,SKU1002,STR001,59
189869,2025-01-17,SKU1001,STR002,73
189870,2025-01-17,SKU1002,STR002,70
189871,2025-01-17,SKU1001,STR003,28
189872,2025-01-17,SKU1002,STR003,90
189873,2025-01-18,SKU1001,STR001,63
189874,2025-01-18,SKU1002,STR001,106
189875,2025-01-18,SKU1001,STR002,56
189876,2025-01-18,SKU1002,STR002,48
189877,2025-01-18,SKU1001,STR003,103
189878,2025-01-18,SKU1002,STR003,48
189879,2025-01-19,SKU1001,STR001,67
189880,2025-01-19,SKU1002,STR001,91
189881,2025-01-19,SKU1001,STR002,73
189882,2025-01-19,SKU1002,STR002,46
189883,2025-01-19,SKU1001,STR003,83
189884,2025-01-19,SKU1002,STR003,76
189885,2025-01-20,SKU1001,STR001,105
189886,2025-01-20,SKU1002,STR001,91
189887,2025-01-20,SKU1001,STR002,140
189888,2025-01-20,SKU1002,STR002,47
189889,2025-01-20,SKU1001,STR003,79
189890,2025-01-20,SKU1002,STR003,58
189891,2025-01-21,SKU1001,STR001,103
189892,2025-01-21,SKU1002,STR001,96
189893,2025-01-21,SKU1001,STR002,95
189894,2025-01-21,SKU1002,STR002,64
189895,2025-01-21,SKU1001,STR003,65
189896,2025-01-21,SKU1002,STR003,39
189897,2025-01-22,SKU1001,STR001,114
189898,2025-01-22,SKU1002,STR001,90
189899,2025-01-22,SKU1001,STR002,74
189900,2025-01-22,SKU1002,STR002,98
189901,2025-01-22,SKU1001,STR003,95
189902,2025-01-22,SKU1002,STR003,99
189903,2025-01-23,SKU1001,STR001,47
189904,2025-01-23,SKU1002,STR001,65
189905,2025-01-23,SKU1001,STR002,83
189906,2025-01-23,SKU1002,STR002,87
189907,2025-01-23,SKU1001,STR003,99
189908,2025-01-23,SKU1002,STR003,59
189909,2025-01-24,SKU1001,STR001,82
189910,2025-01-24,SKU1002,STR001,124
189911,2025-01-24,SKU1001,STR002,93
189912,2025-01-24,SKU1002,STR002,97
189913,2025-01-24,SKU1001,STR003,79
189914,2025-01-24,SKU1002,STR003,95
189915,2025-01-25,SKU1001,STR001,116
189916,2025-01-25,SKU1002,STR001,82
189917,2025-01-25,SKU1001,STR002,104
189918,2025-01-25,SKU1002,STR002,62
189919,2025-01-25,SKU1001,STR003,91
189920,2025-01-25,SKU1002,STR003,98
189921,2025-01-26,SKU1001,STR001,64
189922,2025-01-26,SKU1002,STR001,101
189923,2025-01-26,SKU1001,STR002,66
189924,2025-01-26,SKU1002,STR002,63
189925,2025-01-26,SKU1001,STR003,79
189926,2025-01-26,SKU1002,STR003,118
189927,2025-01-27,SKU1001,STR001,86
189928,2025-01-27,SKU1002,STR001,98
189929,2025-01-27,SKU1001,STR002,65
189930,2025-01-27,SKU1002,STR002,81
189931,2025-01-27,SKU1001,STR003,56
189932,2025-01-27,SKU1002,STR003,68
189933,2025-01-28,SKU1001,STR001,96
189934,2025-01-28,SKU1002,STR001,79
189935,2025-01-28,SKU1001,STR002,109
189936,2025-01-28,SKU1002,STR002,75
189937,2025-01-28,SKU1001,STR003,76
189938,2025-01-28,SKU1002,STR003,105
189939,2025-01-29,SKU1001,STR001,67
189940,2025-01-29,SKU1002,STR001,49
189941,2025-01-29,SKU1001,STR002,106
189942,2025-01-29,SKU1002,STR002,88
189943,2025-01-29,SKU1001,STR003,36
189944,2025-01-29,SKU1002,STR003,80
189945,2025-01-30,SKU1001,STR001,71
189946,2025-01-30,SKU1002,STR001,114
189947,2025-01-30,SKU1001,STR002,65
189948,2025-01-30,SKU1002,STR002,68
189949,2025-01-30,SKU1001,STR003,61
189950,2025-01-30,SKU1002,STR003,58
189951,2025-01-31,SKU1001,STR001,65
189952,2025-01-31,SKU1002,STR001,51
189953,2025-01-31,SKU1001,STR002,59
189954,2025-01-31,SKU1002,STR002,47
189955,2025-01-31,SKU1001,STR003,50
189956,2025-01-31,SKU1002,STR003,48
189957,2025-02-01,SKU1001,STR001,45
189958,2025-02-01,SKU1002,STR001,42
189959,2025-02-01,SKU1001,STR002,31
189960,2025-02-01,SKU1002,STR002,65
189961,2025-02-01,SKU1001,STR003,55
189962,2025-02-01,SKU1002,STR003,47
189963,2025-02-02,SKU1001,STR001,46
189964,2025-02-02,SKU1002,STR001,87
189965,2025-02-02,SKU1001,STR002,60
189966,2025-02-02,SKU1002,STR002,65
189967,2025-02-02,SKU1001,STR003,4
189968,2025-02-02,SKU1002,STR003,42
189969,2025-02-03,SKU1001,STR001,12
189970,2025-02-03,SKU1002,STR001,47
189971,2025-02-03,SKU1001,STR002,63
189972,2025-02-03,SKU1002,STR002,42
189973,2025-02-03,SKU1001,STR003,66
189974,2025-02-03,SKU1002,STR003,35
189975,2025-02-04,SKU1001,STR001,67
189976,2025-02-04,SKU1002,STR001,24
189977,2025-02-04,SKU1001,STR002,50
189978,2025-02-04,SKU1002,STR002,64
189979,2025-02-04,SKU1001,STR003,66
189980,2025-02-04,SKU1002,STR003,53
189981,2025-02-05,SKU1001,STR001,94
189982,2025-02-05,SKU1002,STR001,47
189983,2025-02-05,SKU1001,STR002,46
189984,2025-02-05,SKU1001,STR003,91
189985,2025-02-05,SKU1002,STR003,48
189986,2025-02-06,SKU1001,STR001,32
189987,2025-02-06,SKU1002,STR001,82
189988,2025-02-06,SKU1001,STR002,80
189989,2025-02-06,SKU1002,STR002,58
189990,2025-02-06,SKU1001,STR003,27
189991,2025-02-06,SKU1002,STR003,64
189992,2025-02-07,SKU1001,STR001,43
189993,2025-02-07,SKU1002,STR001,32
189994,2025-02-07,SKU1001,STR002,76
189995,2025-02-07,SKU1002,STR002,13
189996,2025-02-07,SKU1001,STR003,67
189997,2025-02-07,SKU1002,STR003,65
189998,2025-02-08,SKU1001,STR001,97
189999,2025-02-08,SKU1002,STR001,62
190000,2025-02-08,SKU1001,STR002,14
190001,2025-02-08,SKU1002,STR002,39
190002,2025-02-08,SKU1001,STR003,57
190003,2025-02-08,SKU1002,STR003,63
190004,2025-02-09,SKU1001,STR001,75
190005,2025-02-09,SKU1002,STR001,16
190006,2025-02-09,SKU1001,STR002,49
190007,2025-02-09,SKU1002,STR002,75
190008,2025-02-09,SKU1001,STR003,86
190009,2025-02-09,SKU1002,STR003,93
190010,2025-02-10,SKU1001,STR001,48
190011,2025-02-10,SKU1002,STR001,77
190012,2025-02-10,SKU1001,STR002,90
190013,2025-02-10,SKU1002,STR002,79
190014,2025-02-10,SKU1001,STR003,70
190015,2025-02-10,SKU1002,STR003,72
190016,2025-02-11,SKU1001,STR001,40
190017,2025-02-11,SKU1002,STR001,27
190018,2025-02-11,SKU1001,STR002,75
190019,2025-02-11,SKU1002,STR002,49
190020,2025-02-11,SKU1001,STR003,55
190021,2025-02-11,SKU1002,STR003,44
190022,2025-02-12,SKU1001,STR001,48
190023,2025-02-12,SKU1002,STR001,60
190024,2025-02-12,SKU1001,STR002,35
190025,2025-02-12,SKU1002,STR002,57
190026,2025-02-12,SKU1001,STR003,60
190027,2025-02-12,SKU1002,STR003,54
190028,2025-02-13,SKU1001,STR001,41
190029,2025-02-13,SKU1002,STR001,71
190030,2025-02-13,SKU1001,STR002,93
190031,2025-02-13,SKU1002,STR002,43
190032,2025-02-13,SKU1001,STR003,80
190033,2025-02-13,SKU1002,STR003,73
190034,2025-02-14,SKU1001,STR001,2
190035,2025-02-14,SKU1002,STR001,40
190036,2025-02-14,SKU1001,STR002,43
190037,2025-02-14,SKU1002,STR002,71
190038,2025-02-14,SKU1001,STR003,59
190039,2025-02-14,SKU1002,STR003,65
190040,2025-02-15,SKU1001,STR001,68
190041,2025-02-15,SKU1002,STR001,38
190042,2025-02-15,SKU1001,STR002,41
190043,2025-02-15,SKU1002,STR002,31
190044,2025-02-15,SKU1001,STR003,52
190045,2025-02-15,SKU1002,STR003,53
190046,2025-02-16,SKU1001,STR001,59
190047,2025-02-16,SKU1002,STR001,41
190048,2025-02-16,SKU1001,STR002,74
190049,2025-02-16,SKU1002,STR002,74
190050,2025-02-16,SKU1001,STR003,86
190051,2025-02-16,SKU1002,STR003,70
190052,2025-02-17,SKU1001,STR001,59
190053,2025-02-17,SKU1002,STR001,69
190054,2025-02-17,SKU1001,STR002,68
190055,2025-02-17,SKU1002,STR002,42
190056,2025-02-17,SKU1001,STR003,81
190057,2025-02-17,SKU1002,STR003,90
190058,2025-02-18,SKU1001,STR001,95
190059,2025-02-18,SKU1002,STR001,56
190060,2025-02-18,SKU1001,STR002,62
190061,2025-02-18,SKU1002,STR002,64
190062,2025-02-18,SKU1001,STR003,55
190063,2025-02-18,SKU1002,STR003,68
190064,2025-02-19,SKU1001,STR001,53
190065,2025-02-19,SKU1002,STR001,52
190066,2025-02-19,SKU1001,STR002,91
190067,2025-02-19,SKU1002,STR002,59
190068,2025-02-19,SKU1001,STR003,57
190069,2025-02-19,SKU1002,STR003,73
190070,2025-02-20,SKU1001,STR001,59
190071,2025-02-20,SKU1002,STR001,61
190072,2025-02-20,SKU1001,STR002,54
190073,2025-02-20,SKU1002,STR002,31
190074,2025-02-20,SKU1001,STR003,55
190075,2025-02-20,SKU1002,STR003,33
190076,2025-02-21,SKU1001,STR001,60
190077,2025-02-21,SKU1002,STR001,32
190078,2025-02-21,SKU1001,STR002,74
190079,2025-02-21,SKU1002,STR002,70
190080,2025-02-21,SKU1001,STR003,61
190081,2025-02-21,SKU1002,STR003,53
190082,2025-02-22,SKU1001,STR001,64
190083,2025-02-22,SKU1002,STR001,16
190084,2025-02-22,SKU1001,STR002,34
190085,2025-02-22,SKU1002,STR002,53
190086,2025-02-22,SKU1001,STR003,62
190087,2025-02-22,SKU1002,STR003,54
190088,2025-02-23,SKU1001,STR001,35
190089,2025-02-23,SKU1002,STR001,58
190090,2025-02-23,SKU1001,STR002,46
190091,2025-02-23,SKU1002,STR002,34
190092,2025-02-23,SKU1001,STR003,62
190093,2025-02-23,SKU1002,STR003,51
190094,2025-02-24,SKU1001,STR001,79
190095,2025-02-24,SKU1002,STR001,69
190096,2025-02-24,SKU1001,STR002,70
190097,2025-02-24,SKU1002,STR002,62
190098,2025-02-24,SKU1001,STR003,39
190099,2025-02-24,SKU1002,STR003,37
190100,2025-02-25,SKU1001,STR001,26
190101,2025-02-25,SKU1002,STR001,113
190102,2025-02-25,SKU1001,STR002,34
190103,2025-02-25,SKU1002,STR002,51
190104,2025-02-25,SKU1001,STR003,48
190105,2025-02-25,SKU1002,STR003,50
190106,2025-02-26,SKU1001,STR001,44
190107,2025-02-26,SKU1002,STR001,18
190108,2025-02-26,SKU1001,STR002,36
190109,2025-02-26,SKU1002,STR002,28
190110,2025-02-26,SKU1001,STR003,53
190111,2025-02-26,SKU1002,STR003,42
190112,2025-02-27,SKU1001,STR001,42
190113,2025-02-27,SKU1002,STR001,60
190114,2025-02-27,SKU1001,STR002,44
190115,2025-02-27,SKU1002,STR002,74
190116,2025-02-27,SKU1001,STR003,48
190117,2025-02-27,SKU1002,STR003,60
190118,2025-02-28,SKU1001,STR001,29
190119,2025-02-28,SKU1002,STR001,69
190120,2025-02-28,SKU1001,STR002,47
190121,2025-02-28,SKU1002,STR002,64
190122,2025-02-28,SKU1001,STR003,62
190123,2025-02-28,SKU1002,STR003,52
190124,2025-03-01,SKU1001,STR001,84
190125,2025-03-01,SKU1002,STR001,72
190126,2025-03-01,SKU1001,STR002,106
190127,2025-03-01,SKU1002,STR002,98
190128,2025-03-01,SKU1001,STR003,89
190129,2025-03-01,SKU1002,STR003,56
190130,2025-03-02,SKU1001,STR001,58
190131,2025-03-02,SKU1002,STR001,66
190132,2025-03-02,SKU1001,STR002,75
190133,2025-03-02,SKU1002,STR002,88
190134,2025-03-02,SKU1001,STR003,62
190135,2025-03-02,SKU1002,STR003,103
190136,2025-03-03,SKU1001,STR001,80
190137,2025-03-03,SKU1002,STR001,39
190138,2025-03-03,SKU1001,STR002,70
190139,2025-03-03,SKU1002,STR002,28
190140,2025-03-03,SKU1001,STR003,64
190141,2025-03-03,SKU1002,STR003,69
190142,2025-03-04,SKU1001,STR001,67
190143,2025-03-04,SKU1002,STR001,73
190144,2025-03-04,SKU1001,STR002,72
190145,2025-03-04,SKU1002,STR002,68
190146,2025-03-04,SKU1001,STR003,110
190147,2025-03-04,SKU1002,STR003,104
190148,2025-03-05,SKU1001,STR001,57
190149,2025-03-05,SKU1002,STR001,105
190150,2025-03-05,SKU1001,STR002,47
190151,2025-03-05,SKU1002,STR002,63
190152,2025-03-05,SKU1001,STR003,110
190153,2025-03-05,SKU1002,STR003,35
190154,2025-03-06,SKU1001,STR001,91
190155,2025-03-06,SKU1002,STR001,54
190156,2025-03-06,SKU1001,STR002,77
190157,2025-03-06,SKU1002,STR002,76
190158,2025-03-06,SKU1001,STR003,113
190159,2025-03-06,SKU1002,STR003,63
190160,2025-03-07,SKU1001,STR001,78
190161,2025-03-07,SKU1002,STR001,92
190162,2025-03-07,SKU1001,STR002,74
190163,2025-03-07,SKU1002,STR002,63
190164,2025-03-07,SKU1001,STR003,78
190165,2025-03-07,SKU1002,STR003,81
190166,2025-03-08,SKU1001,STR001,97
190167,2025-03-08,SKU1002,STR001,61
190168,2025-03-08,SKU1001,STR002,71
190169,2025-03-08,SKU1002,STR002,86
190170,2025-03-08,SKU1001,STR003,76
190171,2025-03-08,SKU1002,STR003,76
190172,2025-03-09,SKU1001,STR001,79
190173,2025-03-09,SKU1002,STR001,66
190174,2025-03-09,SKU1001,STR002,64
190175,2025-03-09,SKU1002,STR002,88
190176,2025-03-09,SKU1001,STR003,58
190177,2025-03-09,SKU1002,STR003,103
190178,2025-03-10,SKU1001,STR001,84
190179,2025-03-10,SKU1002,STR001,54
190180,2025-03-10,SKU1001,STR002,85
190181,2025-03-10,SKU1002,STR002,83
190182,2025-03-10,SKU1001,STR003,95
190183,2025-03-10,SKU1002,STR003,103
190184,2025-03-11,SKU1001,STR001,72
190185,2025-03-11,SKU1002,STR001,65
190186,2025-03-11,SKU1001,STR002,67
190187,2025-03-11,SKU1002,STR002,60
190188,2025-03-11,SKU1001,STR003,65
190189,2025-03-11,SKU1002,STR003,85
190190,2025-03-12,SKU1001,STR001,80
190191,2025-03-12,SKU1002,STR001,70
190192,2025-03-12,SKU1001,STR002,65
190193,2025-03-12,SKU1002,STR002,86
190194,2025-03-12,SKU1001,STR003,69
190195,2025-03-12,SKU1002,STR003,59
190196,2025-03-13,SKU1001,STR001,76
190197,2025-03-13,SKU1002,STR001,74
190198,2025-03-13,SKU1001,STR002,58
190199,2025-03-13,SKU1002,STR002,96
190200,2025-03-13,SKU1001,STR003,96
190201,2025-03-13,SKU1002,STR003,80
190202,2025-03-14,SKU1001,STR001,82
190203,2025-03-14,SKU1002,STR001,90
190204,2025-03-14,SKU1001,STR002,79
190205,2025-03-14,SKU1002,STR002,97
190206,2025-03-14,SKU1001,STR003,113
190207,2025-03-14,SKU1002,STR003,81
190208,2025-03-15,SKU1001,STR001,88
190209,2025-03-15,SKU1002,STR001,97
190210,2025-03-15,SKU1001,STR002,73
190211,2025-03-15,SKU1002,STR002,57
190212,2025-03-15,SKU1001,STR003,98
190213,2025-03-15,SKU1002,STR003,48
190214,2025-03-16,SKU1001,STR001,115
190215,2025-03-16,SKU1002,STR001,97
190216,2025-03-16,SKU1001,STR002,83
190217,2025-03-16,SKU1002,STR002,81
190218,2025-03-16,SKU1001,STR003,115
190219,2025-03-16,SKU1002,STR003,61
190220,2025-03-17,SKU1001,STR001,56
190221,2025-03-17,SKU1002,STR001,68
190222,2025-03-17,SKU1001,STR002,74
190223,2025-03-17,SKU1002,STR002,59
190224,2025-03-17,SKU1001,STR003,83
190225,2025-03-17,SKU1002,STR003,82
190226,2025-03-18,SKU1001,STR001,63
190227,2025-03-18,SKU1002,STR001,112
190228,2025-03-18,SKU1001,STR002,52
190229,2025-03-18,SKU1002,STR002,54
190230,2025-03-18,SKU1001,STR003,87
190231,2025-03-18,SKU1002,STR003,75
190232,2025-03-19,SKU1001,STR001,88
190233,2025-03-19,SKU1002,STR001,67
190234,2025-03-19,SKU1001,STR002,59
190235,2025-03-19,SKU1002,STR002,67
190236,2025-03-19,SKU1001,STR003,66
190237,2025-03-19,SKU1002,STR003,90
190238,2025-03-20,SKU1001,STR001,70
190239,2025-03-20,SKU1002,STR001,95
190240,2025-03-20,SKU1001,STR002,91
190241,2025-03-20,SKU1002,STR002,100
190242,2025-03-20,SKU1001,STR003,98
190243,2025-03-20,SKU1002,STR003,95
190244,2025-03-21,SKU1001,STR001,95
190245,2025-03-21,SKU1002,STR001,69
190246,2025-03-21,SKU1001,STR002,74
190247,2025-03-21,SKU1002,STR002,43
190248,2025-03-21,SKU1001,STR003,85
190249,2025-03-21,SKU1002,STR003,66
190250,2025-03-22,SKU1001,STR001,88
190251,2025-03-22,SKU1002,STR001,90
190252,2025-03-22,SKU1001,STR002,52
190253,2025-03-22,SKU1002,STR002,59
190254,2025-03-22,SKU1001,STR003,73
190255,2025-03-22,SKU1002,STR003,69
190256,2025-03-23,SKU1001,STR001,83
190257,2025-03-23,SKU1002,STR001,56
190258,2025-03-23,SKU1001,STR002,80
190259,2025-03-23,SKU1002,STR002,46
190260,2025-03-23,SKU1001,STR003,36
190261,2025-03-23,SKU1002,STR003,94
190262,2025-03-24,SKU1001,STR001,53
190263,2025-03-24,SKU1002,STR001,68
190264,2025-03-24,SKU1001,STR002,51
190265,2025-03-24,SKU1002,STR002,51
190266,2025-03-24,SKU1001,STR003,72
190267,2025-03-24,SKU1002,STR003,71
190268,2025-03-25,SKU1001,STR001,99
190269,2025-03-25,SKU1002,STR001,88
190270,2025-03-25,SKU1001,STR002,74
190271,2025-03-25,SKU1002,STR002,95
190272,2025-03-25,SKU1001,STR003,102
190273,2025-03-25,SKU1002,STR003,88
190274,2025-03-26,SKU1001,STR001,71
190275,2025-03-26,SKU1002,STR001,100
190276,2025-03-26,SKU1001,STR002,115
190277,2025-03-26,SKU1002,STR002,93
190278,2025-03-26,SKU1001,STR003,115
190279,2025-03-26,SKU1002,STR003,98
190280,2025-03-27,SKU1001,STR001,96
190281,2025-03-27,SKU1002,STR001,58
190282,2025-03-27,SKU1001,STR002,57
190283,2025-03-27,SKU1002,STR002,79
190284,2025-03-27,SKU1001,STR003,46
190285,2025-03-27,SKU1002,STR003,68
190286,2025-03-28,SKU1001,STR001,97
190287,2025-03-28,SKU1002,STR001,66
190288,2025-03-28,SKU1001,STR002,90
190289,2025-03-28,SKU1002,STR002,52
190290,2025-03-28,SKU1001,STR003,70
190291,2025-03-28,SKU1002,STR003,100
190292,2025-03-29,SKU1001,STR001,84
190293,2025-03-29,SKU1002,STR001,85
190294,2025-03-29,SKU1001,STR002,114
190295,2025-03-29,SKU1002,STR002,105
190296,2025-03-29,SKU1001,STR003,62
190297,2025-03-29,SKU1002,STR003,106
190298,2025-03-30,SKU1001,STR001,67
190299,2025-03-30,SKU1002,STR001,79
190300,2025-03-30,SKU1001,STR002,80
190301,2025-03-30,SKU1002,STR002,101
190302,2025-03-30,SKU1001,STR003,57
190303,2025-03-30,SKU1002,STR003,89
190304,2025-03-31,SKU1001,STR001,90
190305,2025-03-31,SKU1002,STR001,96
190306,2025-03-31,SKU1001,STR002,75
190307,2025-03-31,SKU1002,STR002,100
190308,2025-03-31,SKU1001,STR003,65
190309,2025-03-31,SKU1002,STR003,102
190310,2025-04-01,SKU1001,STR001,87
190311,2025-04-01,SKU1002,STR001,51
190312,2025-04-01,SKU1001,STR002,88
190313,2025-04-01,SKU1002,STR002,83
190314,2025-04-01,SKU1001,STR003,72
190315,2025-04-01,SKU1002,STR003,65
190316,2025-04-02,SKU1001,STR001,75
190317,2025-04-02,SKU1002,STR001,51
190318,2025-04-02,SKU1001,STR002,113
190319,2025-04-02,SKU1002,STR002,57
190320,2025-04-02,SKU1001,STR003,66
190321,2025-04-02,SKU1002,STR003,102
190322,2025-04-03,SKU1001,STR001,91
190323,2025-04-03,SKU1002,STR001,94
190324,2025-04-03,SKU1001,STR002,110
190325,2025-04-03,SKU1002,STR002,73
190326,2025-04-03,SKU1001,STR003,59
190327,2025-04-03,SKU1002,STR003,96
190328,2025-04-04,SKU1001,STR001,95
190329,2025-04-04,SKU1002,STR001,73
190330,2025-04-04,SKU1001,STR002,54
190331,2025-04-04,SKU1002,STR002,104
190332,2025-04-04,SKU1001,STR003,91
190333,2025-04-04,SKU1002,STR003,52
190334,2025-04-05,SKU1001,STR001,95
190335,2025-04-05,SKU1002,STR001,51
190336,2025-04-05,SKU1001,STR002,70
190337,2025-04-05,SKU1002,STR002,57
190338,2025-04-05,SKU1001,STR003,67
190339,2025-04-05,SKU1002,STR003,63
190340,2025-04-06,SKU1001,STR001,67
190341,2025-04-06,SKU1002,STR001,94
190342,2025-04-06,SKU1001,STR002,85
190343,2025-04-06,SKU1002,STR002,92
190344,2025-04-06,SKU1001,STR003,101
190345,2025-04-06,SKU1002,STR003,72
190346,2025-04-07,SKU1001,STR001,81
190347,2025-04-07,SKU1002,STR001,90
190348,2025-04-07,SKU1001,STR002,114
190349,2025-04-07,SKU1002,STR002,97
190350,2025-04-07,SKU1001,STR003,107
190351,2025-04-07,SKU1002,STR003,100
190352,2025-04-08,SKU1001,STR001,101
190353,2025-04-08,SKU1002,STR001,44
190354,2025-04-08,SKU1001,STR002,97
190355,2025-04-08,SKU1002,STR002,84
190356,2025-04-08,SKU1001,STR003,81
190357,2025-04-08,SKU1002,STR003,69
190358,2025-04-09,SKU1001,STR001,71
190359,2025-04-09,SKU1002,STR001,88
190360,2025-04-09,SKU1001,STR002,96
190361,2025-04-09,SKU1002,STR002,50
190362,2025-04-09,SKU1001,STR003,84
190363,2025-04-09,SKU1002,STR003,68
190364,2025-04-10,SKU1001,STR001,60
190365,2025-04-10,SKU1002,STR001,87
190366,2025-04-10,SKU1001,STR002,73
190367,2025-04-10,SKU1002,STR002,66
190368,2025-04-10,SKU1001,STR003,64
190369,2025-04-10,SKU1002,STR003,85
190370,2025-04-11,SKU1001,STR001,79
190371,2025-04-11,SKU1002,STR001,58
190372,2025-04-11,SKU1001,STR002,63
190373,2025-04-11,SKU1002,STR002,76
190374,2025-04-11,SKU1001,STR003,88
190375,2025-04-11,SKU1002,STR003,59
190376,2025-04-12,SKU1001,STR001,89
190377,2025-04-12,SKU1002,STR001,63
190378,2025-04-12,SKU1001,STR002,134
190379,2025-04-12,SKU1002,STR002,61
190380,2025-04-12,SKU1001,STR003,64
190381,2025-04-12,SKU1002,STR003,83
190382,2025-04-13,SKU1001,STR001,61
190383,2025-04-13,SKU1002,STR001,96
190384,2025-04-13,SKU1001,STR002,116
190385,2025-04-13,SKU1002,STR002,72
190386,2025-04-13,SKU1001,STR003,83
190387,2025-04-13,SKU1002,STR003,69
190388,2025-04-14,SKU1001,STR001,79
190389,2025-04-14,SKU1002,STR001,108
190390,2025-04-14,SKU1001,STR002,97
190391,2025-04-14,SKU1002,STR002,61
190392,2025-04-14,SKU1001,STR003,110
190393,2025-04-14,SKU1002,STR003,103
190394,2025-04-15,SKU1001,STR001,89
190395,2025-04-15,SKU1002,STR001,66
190396,2025-04-15,SKU1001,STR002,81
190397,2025-04-15,SKU1002,STR002,64
190398,2025-04-15,SKU1001,STR003,89
190399,2025-04-15,SKU1002,STR003,73
190400,2025-04-16,SKU1001,STR001,35
190401,2025-04-16,SKU1002,STR001,98
190402,2025-04-16,SKU1001,STR002,83
190403,2025-04-16,SKU1002,STR002,101
190404,2025-04-16,SKU1001,STR003,77
190405,2025-04-16,SKU1002,STR003,83
190406,2025-04-17,SKU1001,STR001,102
190407,2025-04-17,SKU1002,STR001,87
190408,2025-04-17,SKU1001,STR002,85
190409,2025-04-17,SKU1002,STR002,144
190410,2025-04-17,SKU1001,STR003,76
190411,2025-04-17,SKU1002,STR003,83
190412,2025-04-18,SKU1001,STR001,114
190413,2025-04-18,SKU1002,STR001,63
190414,2025-04-18,SKU1001,STR002,59
190415,2025-04-18,SKU1002,STR002,51
190416,2025-04-18,SKU1001,STR003,90
190417,2025-04-18,SKU1002,STR003,92
190418,2025-04-19,SKU1001,STR001,94
190419,2025-04-19,SKU1002,STR001,52
190420,2025-04-19,SKU1001,STR002,100
190421,2025-04-19,SKU1002,STR002,103
190422,2025-04-19,SKU1001,STR003,78
190423,2025-04-19,SKU1002,STR003,80
190424,2025-04-20,SKU1001,STR001,93
190425,2025-04-20,SKU1002,STR001,87
190426,2025-04-20,SKU1001,STR002,92
190427,2025-04-20,SKU1002,STR002,58
190428,2025-04-20,SKU1001,STR003,76
190429,2025-04-20,SKU1002,STR003,55
190430,2025-04-21,SKU1001,STR001,92
190431,2025-04-21,SKU1002,STR001,90
190432,2025-04-21,SKU1001,STR002,78
190433,2025-04-21,SKU1002,STR002,85
190434,2025-04-21,SKU1001,STR003,48
190435,2025-04-21,SKU1002,STR003,97
190436,2025-04-22,SKU1001,STR001,70
190437,2025-04-22,SKU1002,STR001,82
190438,2025-04-22,SKU1001,STR002,102
190439,2025-04-22,SKU1002,STR002,64
190440,2025-04-22,SKU1001,STR003,103
190441,2025-04-22,SKU1002,STR003,82
190442,2025-04-23,SKU1001,STR001,80
190443,2025-04-23,SKU1002,STR001,91
190444,2025-04-23,SKU1001,STR002,55
190445,2025-04-23,SKU1002,STR002,91
190446,2025-04-23,SKU1001,STR003,81
190447,2025-04-23,SKU1002,STR003,100
190448,2025-04-24,SKU1001,STR001,75
190449,2025-04-24,SKU1002,STR001,72
190450,2025-04-24,SKU1001,STR002,87
190451,2025-04-24,SKU1002,STR002,78
190452,2025-04-24,SKU1001,STR003,56
190453,2025-04-24,SKU1002,STR003,76
190454,2025-04-25,SKU1001,STR001,105
190455,2025-04-25,SKU1002,STR001,78
190456,2025-04-25,SKU1001,STR002,62
190457,2025-04-25,SKU1002,STR002,94
190458,2025-04-25,SKU1001,STR003,42
190459,2025-04-25,SKU1002,STR003,37
190460,2025-04-26,SKU1001,STR001,79
190461,2025-04-26,SKU1002,STR001,83
190462,2025-04-26,SKU1001,STR002,84
190463,2025-04-26,SKU1002,STR002,62
190464,2025-04-26,SKU1001,STR003,76
190465,2025-04-26,SKU1002,STR003,52
190466,2025-04-27,SKU1001,STR001,84
190467,2025-04-27,SKU1002,STR001,47
190468,2025-04-27,SKU1001,STR002,77
190469,2025-04-27,SKU1002,STR002,85
190470,2025-04-27,SKU1001,STR003,44
190471,2025-04-27,SKU1002,STR003,69
190472,2025-04-28,SKU1001,STR001,95
190473,2025-04-28,SKU1002,STR001,110
190474,2025-04-28,SKU1001,STR002,49
190475,2025-04-28,SKU1002,STR002,86
190476,2025-04-28,SKU1001,STR003,55
190477,2025-04-28,SKU1002,STR003,53
190478,2025-04-29,SKU1001,STR001,111
190479,2025-04-29,SKU1002,STR001,93
190480,2025-04-29,SKU1001,STR002,63
190481,2025-04-29,SKU1002,STR002,84
190482,2025-04-29,SKU1001,STR003,92
190483,2025-04-29,SKU1002,STR003,83
190484,2025-04-30,SKU1001,STR001,124
190485,2025-04-30,SKU1002,STR001,92
190486,2025-04-30,SKU1001,STR002,20
190487,2025-04-30,SKU1002,STR002,74
190488,2025-04-30,SKU1001,STR003,65
190489,2025-04-30,SKU1002,STR003,75
190490,2025-05-01,SKU1001,STR001,80
190491,2025-05-01,SKU1002,STR001,66
190492,2025-05-01,SKU1001,STR002,58
190493,2025-05-01,SKU1002,STR002,107
190494,2025-05-01,SKU1001,STR003,91
190495,2025-05-01,SKU1002,STR003,66
190496,2025-05-02,SKU1001,STR001,93
190497,2025-05-02,SKU1002,STR001,93
190498,2025-05-02,SKU1001,STR002,105
190499,2025-05-02,SKU1002,STR002,58
190500,2025-05-02,SKU1001,STR003,95
190501,2025-05-02,SKU1002,STR003,67
190502,2025-05-03,SKU1001,STR001,103
190503,2025-05-03,SKU1002,STR001,76
190504,2025-05-03,SKU1001,STR002,34
190505,2025-05-03,SKU1002,STR002,80
190506,2025-05-03,SKU1001,STR003,44
190507,2025-05-03,SKU1002,STR003,75
190508,2025-05-04,SKU1001,STR001,78
190509,2025-05-04,SKU1002,STR001,71
190510,2025-05-04,SKU1001,STR002,50
190511,2025-05-04,SKU1002,STR002,57
190512,2025-05-04,SKU1001,STR003,63
190513,2025-05-04,SKU1002,STR003,75
190514,2025-05-05,SKU1001,STR001,105
190515,2025-05-05,SKU1002,STR001,94
190516,2025-05-05,SKU1001,STR002,70
190517,2025-05-05,SKU1002,STR002,105
190518,2025-05-05,SKU1001,STR003,52
190519,2025-05-05,SKU1002,STR003,93
190520,2025-05-06,SKU1001,STR001,76
190521,2025-05-06,SKU1002,STR001,84
190522,2025-05-06,SKU1001,STR002,92
190523,2025-05-06,SKU1002,STR002,66
190524,2025-05-06,SKU1001,STR003,96
190525,2025-05-06,SKU1002,STR003,79
190526,2025-05-07,SKU1001,STR001,128
190527,2025-05-07,SKU1002,STR001,73
190528,2025-05-07,SKU1001,STR002,105
190529,2025-05-07,SKU1002,STR002,92
190530,2025-05-07,SKU1001,STR003,56
190531,2025-05-07,SKU1002,STR003,107
190532,2025-05-08,SKU1001,STR001,58
190533,2025-05-08,SKU1002,STR001,35
190534,2025-05-08,SKU1001,STR002,97
190535,2025-05-08,SKU1002,STR002,101
190536,2025-05-08,SKU1001,STR003,81
190537,2025-05-08,SKU1002,STR003,74
190538,2025-05-09,SKU1001,STR001,111
190539,2025-05-09,SKU1002,STR001,94
190540,2025-05-09,SKU1001,STR002,66
190541,2025-05-09,SKU1002,STR002,94
190542,2025-05-09,SKU1001,STR003,55
190543,2025-05-09,SKU1002,STR003,68
190544,2025-05-10,SKU1001,STR001,58
190545,2025-05-10,SKU1002,STR001,35
190546,2025-05-10,SKU1001,STR002,56
190547,2025-05-10,SKU1002,STR002,104
190548,2025-05-10,SKU1001,STR003,58
190549,2025-05-10,SKU1002,STR003,68
190550,2025-05-11,SKU1001,STR001,56
190551,2025-05-11,SKU1002,STR001,97
190552,2025-05-11,SKU1001,STR002,80
190553,2025-05-11,SKU1002,STR002,89
190554,2025-05-11,SKU1001,STR003,77
190555,2025-05-11,SKU1002,STR003,56
190556,2025-05-12,SKU1001,STR001,60
190557,2025-05-12,SKU1002,STR001,96
190558,2025-05-12,SKU1001,STR002,78
190559,2025-05-12,SKU1002,STR002,95
190560,2025-05-12,SKU1001,STR003,16
190561,2025-05-12,SKU1002,STR003,102
190562,2025-05-13,SKU1001,STR001,70
190563,2025-05-13,SKU1002,STR001,123
190564,2025-05-13,SKU1001,STR002,69
190565,2025-05-13,SKU1002,STR002,80
190566,2025-05-13,SKU1001,STR003,93
190567,2025-05-13,SKU1002,STR003,62
190568,2025-05-14,SKU1001,STR001,97
190569,2025-05-14,SKU1002,STR001,67
190570,2025-05-14,SKU1001,STR002,105
190571,2025-05-14,SKU1002,STR002,95
190572,2025-05-14,SKU1001,STR003,89
190573,2025-05-14,SKU1002,STR003,65
190574,2025-05-15,SKU1001,STR001,75
190575,2025-05-15,SKU1002,STR001,85
190576,2025-05-15,SKU1001,STR002,39
190577,2025-05-15,SKU1002,STR002,68
190578,2025-05-15,SKU1001,STR003,98
190579,2025-05-15,SKU1002,STR003,54
190580,2025-05-16,SKU1001,STR001,105
190581,2025-05-16,SKU1002,STR001,67
190582,2025-05-16,SKU1001,STR002,86
190583,2025-05-16,SKU1002,STR002,57
190584,2025-05-16,SKU1001,STR003,89
190585,2025-05-16,SKU1002,STR003,89
190586,2025-05-17,SKU1001,STR001,102
190587,2025-05-17,SKU1002,STR001,107
190588,2025-05-17,SKU1001,STR002,105
190589,2025-05-17,SKU1002,STR002,84
190590,2025-05-17,SKU1001,STR003,55
190591,2025-05-17,SKU1002,STR003,106
190592,2025-05-18,SKU1001,STR001,53
190593,2025-05-18,SKU1002,STR001,71
190594,2025-05-18,SKU1001,STR002,94
190595,2025-05-18,SKU1002,STR002,88
190596,2025-05-18,SKU1001,STR003,111
190597,2025-05-18,SKU1002,STR003,79
190598,2025-05-19,SKU1001,STR001,46
190599,2025-05-19,SKU1002,STR001,74
190600,2025-05-19,SKU1001,STR002,83
190601,2025-05-19,SKU1002,STR002,72
190602,2025-05-19,SKU1001,STR003,108
190603,2025-05-19,SKU1002,STR003,75
190604,2025-05-20,SKU1001,STR001,51
190605,2025-05-20,SKU1002,STR001,89
190606,2025-05-20,SKU1001,STR002,57
190607,2025-05-20,SKU1002,STR002,113
190608,2025-05-20,SKU1001,STR003,85
190609,2025-05-20,SKU1002,STR003,51
190610,2025-05-21,SKU1001,STR001,101
190611,2025-05-21,SKU1002,STR001,127
190612,2025-05-21,SKU1001,STR002,39
190613,2025-05-21,SKU1002,STR002,98
190614,2025-05-21,SKU1001,STR003,89
190615,2025-05-21,SKU1002,STR003,83
190616,2025-05-22,SKU1001,STR001,86
190617,2025-05-22,SKU1002,STR001,89
190618,2025-05-22,SKU1001,STR002,66
190619,2025-05-22,SKU1002,STR002,108
190620,2025-05-22,SKU1001,STR003,53
190621,2025-05-22,SKU1002,STR003,119
190622,2025-05-23,SKU1001,STR001,110
190623,2025-05-23,SKU1002,STR001,56
190624,2025-05-23,SKU1001,STR002,79
190625,2025-05-23,SKU1002,STR002,108
190626,2025-05-23,SKU1001,STR003,70
190627,2025-05-23,SKU1002,STR003,76
190628,2025-05-24,SKU1001,STR001,71
190629,2025-05-24,SKU1002,STR001,103
190630,2025-05-24,SKU1001,STR002,67
190631,2025-05-24,SKU1002,STR002,79
190632,2025-05-24,SKU1001,STR003,90
190633,2025-05-24,SKU1002,STR003,75
190634,2025-05-25,SKU1001,STR001,62
190635,2025-05-25,SKU1002,STR001,53
190636,2025-05-25,SKU1001,STR002,49
190637,2025-05-25,SKU1002,STR002,56
190638,2025-05-25,SKU1001,STR003,45
190639,2025-05-25,SKU1002,STR003,65
190640,2025-05-26,SKU1001,STR001,86
190641,2025-05-26,SKU1002,STR001,81
190642,2025-05-26,SKU1001,STR002,63
190643,2025-05-26,SKU1002,STR002,59
190644,2025-05-26,SKU1001,STR003,60
190645,2025-05-26,SKU1002,STR003,52
190646,2025-05-27,SKU1001,STR001,55
190647,2025-05-27,SKU1002,STR001,94
190648,2025-05-27,SKU1001,STR002,51
190649,2025-05-27,SKU1002,STR002,80
190650,2025-05-27,SKU1001,STR003,67
190651,2025-05-27,SKU1002,STR003,128
190652,2025-05-28,SKU1001,STR001,44
190653,2025-05-28,SKU1002,STR001,83
190654,2025-05-28,SKU1001,STR002,73
190655,2025-05-28,SKU1002,STR002,64
190656,2025-05-28,SKU1001,STR003,86
190657,2025-05-28,SKU1002,STR003,83
190658,2025-05-29,SKU1001,STR001,58
190659,2025-05-29,SKU1002,STR001,88
190660,2025-05-29,SKU1001,STR002,87
190661,2025-05-29,SKU1002,STR002,106
190662,2025-05-29,SKU1001,STR003,67
190663,2025-05-29,SKU1002,STR003,109
190664,2025-05-30,SKU1001,STR001,76
190665,2025-05-30,SKU1002,STR001,40
190666,2025-05-30,SKU1001,STR002,90
190667,2025-05-30,SKU1002,STR002,78
190668,2025-05-30,SKU1001,STR003,62
190669,2025-05-30,SKU1002,STR003,98
190670,2025-05-31,SKU1001,STR001,70
190671,2025-05-31,SKU1002,STR001,100
190672,2025-05-31,SKU1001,STR002,78
190673,2025-05-31,SKU1002,STR002,95
190674,2025-05-31,SKU1001,STR003,93
190675,2025-05-31,SKU1002,STR003,89
190676,2025-06-01,SKU1001,STR001,59
190677,2025-06-01,SKU1002,STR001,98
190678,2025-06-01,SKU1001,STR002,80
190679,2025-06-01,SKU1002,STR002,120
190680,2025-06-01,SKU1001,STR003,89
190681,2025-06-01,SKU1002,STR003,95
190682,2025-06-02,SKU1001,STR001,64
190683,2025-06-02,SKU1002,STR001,71
190684,2025-06-02,SKU1001,STR002,81
190685,2025-06-02,SKU1002,STR002,56
190686,2025-06-02,SKU1001,STR003,56
190687,2025-06-02,SKU1002,STR003,77
190688,2025-06-03,SKU1001,STR001,78
190689,2025-06-03,SKU1002,STR001,84
190690,2025-06-03,SKU1001,STR002,102
190691,2025-06-03,SKU1002,STR002,71
190692,2025-06-03,SKU1001,STR003,93
190693,2025-06-03,SKU1002,STR003,77
190694,2025-06-04,SKU1001,STR001,76
190695,2025-06-04,SKU1002,STR001,85
190696,2025-06-04,SKU1001,STR002,38
190697,2025-06-04,SKU1002,STR002,81
190698,2025-06-04,SKU1001,STR003,67
190699,2025-06-04,SKU1002,STR003,61
190700,2025-06-05,SKU1001,STR001,42
190701,2025-06-05,SKU1002,STR001,71
190702,2025-06-05,SKU1001,STR002,42
190703,2025-06-05,SKU1002,STR002,97
190704,2025-06-05,SKU1001,STR003,75
190705,2025-06-05,SKU1002,STR003,46
190706,2025-06-06,SKU1001,STR001,66
190707,2025-06-06,SKU1002,STR001,95
190708,2025-06-06,SKU1001,STR002,68
190709,2025-06-06,SKU1002,STR002,74
190710,2025-06-06,SKU1001,STR003,72
190711,2025-06-06,SKU1002,STR003,77
190712,2025-06-07,SKU1001,STR001,46
190713,2025-06-07,SKU1002,STR001,79
190714,2025-06-07,SKU1001,STR002,68
190715,2025-06-07,SKU1002,STR002,139
190716,2025-06-07,SKU1001,STR003,75
190717,2025-06-07,SKU1002,STR003,70
190718,2025-06-08,SKU1001,STR001,99
190719,2025-06-08,SKU1002,STR001,76
190720,2025-06-08,SKU1001,STR002,85
190721,2025-06-08,SKU1002,STR002,62
190722,2025-06-08,SKU1001,STR003,111
190723,2025-06-08,SKU1002,STR003,67
190724,2025-06-09,SKU1001,STR001,87
190725,2025-06-09,SKU1002,STR001,102
190726,2025-06-09,SKU1001,STR002,73
190727,2025-06-09,SKU1002,STR002,79
190728,2025-06-09,SKU1001,STR003,91
190729,2025-06-09,SKU1002,STR003,93
190730,2025-06-10,SKU1001,STR001,58
190731,2025-06-10,SKU1002,STR001,83
190732,2025-06-10,SKU1001,STR002,61
190733,2025-06-10,SKU1002,STR002,65
190734,2025-06-10,SKU1001,STR003,67
190735,2025-06-10,SKU1002,STR003,104
190736,2025-06-11,SKU1001,STR001,111
190737,2025-06-11,SKU1002,STR001,132
190738,2025-06-11,SKU1001,STR002,78
190739,2025-06-11,SKU1002,STR002,63
190740,2025-06-11,SKU1001,STR003,60
190741,2025-06-11,SKU1002,STR003,112
190742,2025-06-12,SKU1001,STR001,49
190743,2025-06-12,SKU1002,STR001,73
190744,2025-06-12,SKU1001,STR002,68
190745,2025-06-12,SKU1002,STR002,114
190746,2025-06-12,SKU1001,STR003,59
190747,2025-06-12,SKU1002,STR003,102
190748,2025-06-13,SKU1001,STR001,106
190749,2025-06-13,SKU1002,STR001,76
190750,2025-06-13,SKU1001,STR002,89
190751,2025-06-13,SKU1002,STR002,49
190752,2025-06-13,SKU1001,STR003,78
190753,2025-06-13,SKU1002,STR003,75
190754,2025-06-14,SKU1001,STR001,28
190755,2025-06-14,SKU1002,STR001,88
190756,2025-06-14,SKU1001,STR002,87
190757,2025-06-14,SKU1002,STR002,46
190758,2025-06-14,SKU1001,STR003,51
190759,2025-06-14,SKU1002,STR003,65
190760,2025-06-15,SKU1001,STR001,69
190761,2025-06-15,SKU1002,STR001,73
190762,2025-06-15,SKU1001,STR002,60
190763,2025-06-15,SKU1002,STR002,59
190764,2025-06-15,SKU1001,STR003,86
190765,2025-06-15,SKU1002,STR003,70
190766,2025-06-16,SKU1001,STR001,77
190767,2025-06-16,SKU1002,STR001,75
190768,2025-06-16,SKU1001,STR002,89
190769,2025-06-16,SKU1002,STR002,76
190770,2025-06-16,SKU1001,STR003,97
190771,2025-06-16,SKU1002,STR003,82
190772,2025-06-17,SKU1001,STR001,97
190773,2025-06-17,SKU1002,STR001,104
190774,2025-06-17,SKU1001,STR002,50
190775,2025-06-17,SKU1002,STR002,98
190776,2025-06-17,SKU1001,STR003,115
190777,2025-06-17,SKU1002,STR003,60
190778,2025-06-18,SKU1001,STR001,79
190779,2025-06-18,SKU1002,STR001,72
190780,2025-06-18,SKU1001,STR002,88
190781,2025-06-18,SKU1002,STR002,90
190782,2025-06-18,SKU1001,STR003,66
190783,2025-06-18,SKU1002,STR003,106
190784,2025-06-19,SKU1001,STR001,62
190785,2025-06-19,SKU1002,STR001,77
190786,2025-06-19,SKU1001,STR002,100
190787,2025-06-19,SKU1002,STR002,119
190788,2025-06-19,SKU1001,STR003,69
190789,2025-06-19,SKU1002,STR003,95
190790,2025-06-20,SKU1001,STR001,84
190791,2025-06-20,SKU1002,STR001,48
190792,2025-06-20,SKU1001,STR002,60
190793,2025-06-20,SKU1002,STR002,55
190794,2025-06-20,SKU1001,STR003,69
190795,2025-06-20,SKU1002,STR003,71
190796,2025-06-21,SKU1001,STR001,80
190797,2025-06-21,SKU1002,STR001,105
190798,2025-06-21,SKU1001,STR002,88
190799,2025-06-21,SKU1002,STR002,133
190800,2025-06-21,SKU1001,STR003,75
190801,2025-06-21,SKU1002,STR003,95
190802,2025-06-22,SKU1001,STR001,88
190803,2025-06-22,SKU1002,STR001,110
190804,2025-06-22,SKU1001,STR002,72
190805,2025-06-22,SKU1002,STR002,96
190806,2025-06-22,SKU1001,STR003,112
190807,2025-06-22,SKU1002,STR003,65
190808,2025-06-23,SKU1001,STR001,78
190809,2025-06-23,SKU1002,STR001,90
190810,2025-06-23,SKU1001,STR002,71
190811,2025-06-23,SKU1002,STR002,62
190812,2025-06-23,SKU1001,STR003,116
190813,2025-06-23,SKU1002,STR003,75
190814,2025-06-24,SKU1001,STR001,114
190815,2025-06-24,SKU1002,STR001,69
190816,2025-06-24,SKU1001,STR002,75
190817,2025-06-24,SKU1002,STR002,95
190818,2025-06-24,SKU1001,STR003,75
190819,2025-06-24,SKU1002,STR003,62
190820,2025-06-25,SKU1001,STR001,65
190821,2025-06-25,SKU1002,STR001,85
190822,2025-06-25,SKU1001,STR002,66
190823,2025-06-25,SKU1002,STR002,81
190824,2025-06-25,SKU1001,STR003,34
190825,2025-06-25,SKU1002,STR003,68
190826,2025-06-26,SKU1001,STR001,76
190827,2025-06-26,SKU1002,STR001,69
190828,2025-06-26,SKU1001,STR002,60
190829,2025-06-26,SKU1002,STR002,62
190830,2025-06-26,SKU1001,STR003,81
190831,2025-06-26,SKU1002,STR003,109
190832,2025-06-27,SKU1001,STR001,52
190833,2025-06-27,SKU1002,STR001,74
190834,2025-06-27,SKU1001,STR002,99
190835,2025-06-27,SKU1002,STR002,86
190836,2025-06-27,SKU1001,STR003,78
190837,2025-06-27,SKU1002,STR003,70
190838,2025-06-28,SKU1001,STR001,80
190839,2025-06-28,SKU1002,STR001,77
190840,2025-06-28,SKU1001,STR002,36
190841,2025-06-28,SKU1002,STR002,65
190842,2025-06-28,SKU1001,STR003,41
190843,2025-06-28,SKU1002,STR003,105
190844,2025-06-29,SKU1001,STR001,96
190845,2025-06-29,SKU1002,STR001,64
190846,2025-06-29,SKU1001,STR002,96
190847,2025-06-29,SKU1002,STR002,128
190848,2025-06-29,SKU1001,STR003,67
190849,2025-06-29,SKU1002,STR003,105
190850,2025-06-30,SKU1001,STR001,87
190851,2025-06-30,SKU1002,STR001,75
190852,2025-06-30,SKU1001,STR002,57
190853,2025-06-30,SKU1002,STR002,68
190854,2025-06-30,SKU1001,STR003,72
190855,2025-06-30,SKU1002,STR003,33
190856,2025-07-01,SKU1001,STR001,90
190857,2025-07-01,SKU1002,STR001,73
190858,2025-07-01,SKU1001,STR002,89
190859,2025-07-01,SKU1002,STR002,71
190860,2025-07-01,SKU1001,STR003,139
190861,2025-07-01,SKU1002,STR003,46
190862,2025-07-02,SKU1001,STR001,61
190863,2025-07-02,SKU1002,STR001,94
190864,2025-07-02,SKU1001,STR002,127
190865,2025-07-02,SKU1002,STR002,60
190866,2025-07-02,SKU1001,STR003,116
190867,2025-07-02,SKU1002,STR003,61
190868,2025-07-03,SKU1001,STR001,105
190869,2025-07-03,SKU1002,STR001,81
190870,2025-07-03,SKU1001,STR002,124
190871,2025-07-03,SKU1002,STR002,115
190872,2025-07-03,SKU1001,STR003,67
190873,2025-07-03,SKU1002,STR003,138
190874,2025-07-04,SKU1001,STR001,57
190875,2025-07-04,SKU1002,STR001,73
190876,2025-07-04,SKU1001,STR002,116
190877,2025-07-04,SKU1002,STR002,65
190878,2025-07-04,SKU1001,STR003,67
190879,2025-07-04,SKU1002,STR003,82
190880,2025-07-05,SKU1001,STR001,89
190881,2025-07-05,SKU1002,STR001,87
190882,2025-07-05,SKU1001,STR002,65
190883,2025-07-05,SKU1002,STR002,83
190884,2025-07-05,SKU1001,STR003,92
190885,2025-07-05,SKU1002,STR003,110
190886,2025-07-06,SKU1001,STR001,86
190887,2025-07-06,SKU1002,STR001,54
190888,2025-07-06,SKU1001,STR002,80
190889,2025-07-06,SKU1002,STR002,67
190890,2025-07-06,SKU1001,STR003,106
190891,2025-07-06,SKU1002,STR003,46
190892,2025-07-07,SKU1001,STR001,91
190893,2025-07-07,SKU1002,STR001,58
190894,2025-07-07,SKU1001,STR002,105
190895,2025-07-07,SKU1002,STR002,95
190896,2025-07-07,SKU1001,STR003,84
190897,2025-07-07,SKU1002,STR003,90
190898,2025-07-08,SKU1001,STR001,73
190899,2025-07-08,SKU1002,STR001,93
190900,2025-07-08,SKU1001,STR002,79
190901,2025-07-08,SKU1002,STR002,94
190902,2025-07-08,SKU1001,STR003,81
190903,2025-07-08,SKU1002,STR003,30
190904,2025-07-09,SKU1001,STR001,69
190905,2025-07-09,SKU1002,STR001,110
190906,2025-07-09,SKU1001,STR002,109
190907,2025-07-09,SKU1002,STR002,82
190908,2025-07-09,SKU1001,STR003,77
190909,2025-07-09,SKU1002,STR003,73
190910,2025-07-10,SKU1001,STR001,92
190911,2025-07-10,SKU1002,STR001,91
190912,2025-07-10,SKU1001,STR002,60
190913,2025-07-10,SKU1002,STR002,93
190914,2025-07-10,SKU1001,STR003,104
190915,2025-07-10,SKU1002,STR003,60
190916,2025-07-11,SKU1001,STR001,76
190917,2025-07-11,SKU1002,STR001,89
190918,2025-07-11,SKU1001,STR002,94
190919,2025-07-11,SKU1002,STR002,71
190920,2025-07-11,SKU1001,STR003,69
190921,2025-07-11,SKU1002,STR003,70
190922,2025-07-12,SKU1001,STR001,87
190923,2025-07-12,SKU1002,STR001,88
190924,2025-07-12,SKU1001,STR002,79
190925,2025-07-12,SKU1002,STR002,52
190926,2025-07-12,SKU1001,STR003,58
190927,2025-07-12,SKU1002,STR003,92
190928,2025-07-13,SKU1001,STR001,55
190929,2025-07-13,SKU1002,STR001,84
190930,2025-07-13,SKU1001,STR002,72
190931,2025-07-13,SKU1002,STR002,67
190932,2025-07-13,SKU1001,STR003,80
190933,2025-07-13,SKU1002,STR003,113
190934,2025-07-14,SKU1001,STR001,85
190935,2025-07-14,SKU1002,STR001,74
190936,2025-07-14,SKU1001,STR002,50
190937,2025-07-14,SKU1002,STR002,90
190938,2025-07-14,SKU1001,STR003,102
190939,2025-07-14,SKU1002,STR003,92
190940,2025-07-15,SKU1001,STR001,103
190941,2025-07-15,SKU1002,STR001,89
190942,2025-07-15,SKU1001,STR002,53
190943,2025-07-15,SKU1002,STR002,79
190944,2025-07-15,SKU1001,STR003,90
190945,2025-07-15,SKU1002,STR003,94
190946,2025-07-16,SKU1001,STR001,70
190947,2025-07-16,SKU1002,STR001,78
190948,2025-07-16,SKU1001,STR002,87
190949,2025-07-16,SKU1002,STR002,105
190950,2025-07-16,SKU1001,STR003,100
190951,2025-07-16,SKU1002,STR003,92
190952,2025-07-17,SKU1001,STR001,87
190953,2025-07-17,SKU1002,STR001,59
190954,2025-07-17,SKU1001,STR002,57
190955,2025-07-17,SKU1002,STR002,78
190956,2025-07-17,SKU1001,STR003,100
190957,2025-07-17,SKU1002,STR003,87
190958,2025-07-18,SKU1001,STR001,91
190959,2025-07-18,SKU1002,STR001,49
190960,2025-07-18,SKU1001,STR002,50
190961,2025-07-18,SKU1002,STR002,102
190962,2025-07-18,SKU1001,STR003,79
190963,2025-07-18,SKU1002,STR003,53
190964,2025-07-19,SKU1001,STR001,97
190965,2025-07-19,SKU1002,STR001,85
190966,2025-07-19,SKU1001,STR002,139
190967,2025-07-19,SKU1002,STR002,105
190968,2025-07-19,SKU1001,STR003,86
190969,2025-07-19,SKU1002,STR003,76
190970,2025-07-20,SKU1001,STR001,84
190971,2025-07-20,SKU1002,STR001,77
190972,2025-07-20,SKU1001,STR002,51
190973,2025-07-20,SKU1002,STR002,98
190974,2025-07-20,SKU1001,STR003,85
190975,2025-07-20,SKU1002,STR003,24
190976,2025-07-21,SKU1001,STR001,67
190977,2025-07-21,SKU1002,STR001,63
190978,2025-07-21,SKU1001,STR002,99
190979,2025-07-21,SKU1002,STR002,79
190980,2025-07-21,SKU1001,STR003,109
190981,2025-07-21,SKU1002,STR003,48
190982,2025-07-22,SKU1001,STR001,58
190983,2025-07-22,SKU1002,STR001,101
190984,2025-07-22,SKU1001,STR002,66
190985,2025-07-22,SKU1002,STR002,58
190986,2025-07-22,SKU1001,STR003,69
190987,2025-07-22,SKU1002,STR003,64
190988,2025-07-23,SKU1001,STR001,90
190989,2025-07-23,SKU1002,STR001,102
190990,2025-07-23,SKU1001,STR002,48
190991,2025-07-23,SKU1002,STR002,74
190992,2025-07-23,SKU1001,STR003,80
190993,2025-07-23,SKU1002,STR003,81
190994,2025-07-24,SKU1001,STR001,96
190995,2025-07-24,SKU1002,STR001,82
190996,2025-07-24,SKU1001,STR002,68
190997,2025-07-24,SKU1002,STR002,57
190998,2025-07-24,SKU1001,STR003,43
190999,2025-07-24,SKU1002,STR003,72
191000,2025-07-25,SKU1001,STR001,80
191001,2025-07-25,SKU1002,STR001,98
191002,2025-07-25,SKU1001,STR002,72
191003,2025-07-25,SKU1002,STR002,126
191004,2025-07-25,SKU1001,STR003,78
191005,2025-07-25,SKU1002,STR003,70
191006,2025-07-26,SKU1001,STR001,87
191007,2025-07-26,SKU1002,STR001,60
191008,2025-07-26,SKU1001,STR002,84
191009,2025-07-26,SKU1002,STR002,38
191010,2025-07-26,SKU1001,STR003,93
191011,2025-07-26,SKU1002,STR003,81
191012,2025-07-27,SKU1001,STR001,84
191013,2025-07-27,SKU1002,STR001,83
191014,2025-07-27,SKU1001,STR002,54
191015,2025-07-27,SKU1002,STR002,62
191016,2025-07-27,SKU1001,STR003,111
191017,2025-07-27,SKU1002,STR003,89
191018,2025-07-28,SKU1001,STR001,68
191019,2025-07-28,SKU1002,STR001,88
191020,2025-07-28,SKU1001,STR002,88
191021,2025-07-28,SKU1002,STR002,119
191022,2025-07-28,SKU1001,STR003,102
191023,2025-07-28,SKU1002,STR003,88
191024,2025-07-29,SKU1001,STR001,71
191025,2025-07-29,SKU1002,STR001,115
191026,2025-07-29,SKU1001,STR002,77
191027,2025-07-29,SKU1002,STR002,62
191028,2025-07-29,SKU1001,STR003,55
191029,2025-07-29,SKU1002,STR003,62
191030,2025-07-30,SKU1001,STR001,72
191031,2025-07-30,SKU1002,STR001,95
191032,2025-07-30,SKU1001,STR002,98
191033,2025-07-30,SKU1002,STR002,103
191034,2025-07-30,SKU1001,STR003,83
191035,2025-07-30,SKU1002,STR003,96
191036,2025-07-31,SKU1001,STR001,125
191037,2025-07-31,SKU1002,STR001,98
191038,2025-07-31,SKU1001,STR002,112
191039,2025-07-31,SKU1002,STR002,49
191040,2025-07-31,SKU1001,STR003,65
191041,2025-07-31,SKU1002,STR003,64
191042,2025-08-01,SKU1001,STR001,26
191043,2025-08-01,SKU1002,STR001,81
191044,2025-08-01,SKU1001,STR002,107
191045,2025-08-01,SKU1002,STR002,69
191046,2025-08-01,SKU1001,STR003,83
191047,2025-08-01,SKU1002,STR003,62
191048,2025-08-02,SKU1001,STR001,70
191049,2025-08-02,SKU1002,STR001,85
191050,2025-08-02,SKU1001,STR002,56
191051,2025-08-02,SKU1002,STR002,103
191052,2025-08-02,SKU1001,STR003,41
191053,2025-08-02,SKU1002,STR003,86
191054,2025-08-03,SKU1001,STR001,70
191055,2025-08-03,SKU1002,STR001,109
191056,2025-08-03,SKU1001,STR002,95
191057,2025-08-03,SKU1002,STR002,38
191058,2025-08-03,SKU1001,STR003,31
191059,2025-08-03,SKU1002,STR003,59
191060,2025-08-04,SKU1001,STR001,69
191061,2025-08-04,SKU1002,STR001,76
191062,2025-08-04,SKU1001,STR002,80
191063,2025-08-04,SKU1002,STR002,93
191064,2025-08-04,SKU1001,STR003,52
191065,2025-08-04,SKU1002,STR003,43
191066,2025-08-05,SKU1001,STR001,85
191067,2025-08-05,SKU1002,STR001,72
191068,2025-08-05,SKU1001,STR002,77
191069,2025-08-05,SKU1002,STR002,67
191070,2025-08-05,SKU1001,STR003,76
191071,2025-08-05,SKU1002,STR003,109
191072,2025-08-06,SKU1001,STR001,47
191073,2025-08-06,SKU1002,STR001,55
191074,2025-08-06,SKU1001,STR002,92
191075,2025-08-06,SKU1002,STR002,111
191076,2025-08-06,SKU1001,STR003,75
191077,2025-08-06,SKU1002,STR003,54
191078,2025-08-07,SKU1001,STR001,39
191079,2025-08-07,SKU1002,STR001,85
191080,2025-08-07,SKU1001,STR002,55
191081,2025-08-07,SKU1002,STR002,123
191082,2025-08-07,SKU1001,STR003,126
191083,2025-08-07,SKU1002,STR003,84
191084,2025-08-08,SKU1001,STR001,89
191085,2025-08-08,SKU1002,STR001,77
191086,2025-08-08,SKU1001,STR002,102
191087,2025-08-08,SKU1002,STR002,79
191088,2025-08-08,SKU1001,STR003,81
191089,2025-08-08,SKU1002,STR003,107
191090,2025-08-09,SKU1001,STR001,92
191091,2025-08-09,SKU1002,STR001,122
191092,2025-08-09,SKU1001,STR002,47
191093,2025-08-09,SKU1002,STR002,68
191094,2025-08-09,SKU1001,STR003,61
191095,2025-08-09,SKU1002,STR003,96
191096,2025-08-10,SKU1001,STR001,70
191097,2025-08-10,SKU1002,STR001,92
191098,2025-08-10,SKU1001,STR002,56
191099,2025-08-10,SKU1002,STR002,78
191100,2025-08-10,SKU1001,STR003,125
191101,2025-08-10,SKU1002,STR003,112
191102,2025-08-11,SKU1001,STR001,42
191103,2025-08-11,SKU1002,STR001,87
191104,2025-08-11,SKU1001,STR002,96
191105,2025-08-11,SKU1002,STR002,70
191106,2025-08-11,SKU1001,STR003,57
191107,2025-08-11,SKU1002,STR003,93
191108,2025-08-12,SKU1001,STR001,82
191109,2025-08-12,SKU1002,STR001,91
191110,2025-08-12,SKU1001,STR002,76
191111,2025-08-12,SKU1002,STR002,126
191112,2025-08-12,SKU1001,STR003,61
191113,2025-08-12,SKU1002,STR003,70
191114,2025-08-13,SKU1001,STR001,90
191115,2025-08-13,SKU1002,STR001,94
191116,2025-08-13,SKU1001,STR002,52
191117,2025-08-13,SKU1002,STR002,105
191118,2025-08-13,SKU1001,STR003,50
191119,2025-08-13,SKU1002,STR003,80
191120,2025-08-14,SKU1001,STR001,73
191121,2025-08-14,SKU1002,STR001,65
191122,2025-08-14,SKU1001,STR002,102
191123,2025-08-14,SKU1002,STR002,33
191124,2025-08-14,SKU1001,STR003,65
191125,2025-08-14,SKU1002,STR003,61
191126,2025-08-15,SKU1001,STR001,97
191127,2025-08-15,SKU1002,STR001,111
191128,2025-08-15,SKU1001,STR002,95
191129,2025-08-15,SKU1002,STR002,107
191130,2025-08-15,SKU1001,STR003,35
191131,2025-08-15,SKU1002,STR003,83
191132,2025-08-16,SKU1001,STR001,52
191133,2025-08-16,SKU1002,STR001,72
191134,2025-08-16,SKU1001,STR002,84
191135,2025-08-16,SKU1002,STR002,81
191136,2025-08-16,SKU1001,STR003,107
191137,2025-08-16,SKU1002,STR003,40
191138,2025-08-17,SKU1001,STR001,63
191139,2025-08-17,SKU1002,STR001,50
191140,2025-08-17,SKU1001,STR002,47
191141,2025-08-17,SKU1002,STR002,100
191142,2025-08-17,SKU1001,STR003,83
191143,2025-08-17,SKU1002,STR003,111
191144,2025-08-18,SKU1001,STR001,103
191145,2025-08-18,SKU1002,STR001,81
191146,2025-08-18,SKU1001,STR002,60
191147,2025-08-18,SKU1002,STR002,99
191148,2025-08-18,SKU1001,STR003,66
191149,2025-08-18,SKU1002,STR003,56
191150,2025-08-19,SKU1001,STR001,56
191151,2025-08-19,SKU1002,STR001,82
191152,2025-08-19,SKU1001,STR002,105
191153,2025-08-19,SKU1002,STR002,81
191154,2025-08-19,SKU1001,STR003,104
191155,2025-08-19,SKU1002,STR003,81
191156,2025-08-20,SKU1001,STR001,71
191157,2025-08-20,SKU1002,STR001,134
191158,2025-08-20,SKU1001,STR002,116
191159,2025-08-20,SKU1002,STR002,83
191160,2025-08-20,SKU1001,STR003,63
191161,2025-08-20,SKU1002,STR003,47
191162,2025-08-21,SKU1001,STR001,88
191163,2025-08-21,SKU1002,STR001,74
191164,2025-08-21,SKU1001,STR002,89
191165,2025-08-21,SKU1002,STR002,86
191166,2025-08-21,SKU1001,STR003,88
191167,2025-08-21,SKU1002,STR003,102
191168,2025-08-22,SKU1001,STR001,86
191169,2025-08-22,SKU1002,STR001,65
191170,2025-08-22,SKU1001,STR002,64
191171,2025-08-22,SKU1002,STR002,91
191172,2025-08-22,SKU1001,STR003,58
191173,2025-08-22,SKU1002,STR003,94
191174,2025-08-23,SKU1001,STR001,94
191175,2025-08-23,SKU1002,STR001,79
191176,2025-08-23,SKU1001,STR002,64
191177,2025-08-23,SKU1002,STR002,44
191178,2025-08-23,SKU1001,STR003,57
191179,2025-08-23,SKU1002,STR003,47
191180,2025-08-24,SKU1001,STR001,80
191181,2025-08-24,SKU1002,STR001,71
191182,2025-08-24,SKU1001,STR002,61
191183,2025-08-24,SKU1002,STR002,97
191184,2025-08-24,SKU1001,STR003,82
191185,2025-08-24,SKU1002,STR003,80
191186,2025-08-25,SKU1001,STR001,91
191187,2025-08-25,SKU1002,STR001,100
191188,2025-08-25,SKU1001,STR002,47
191189,2025-08-25,SKU1002,STR002,94
191190,2025-08-25,SKU1001,STR003,43
191191,2025-08-25,SKU1002,STR003,64
191192,2025-08-26,SKU1001,STR001,100
191193,2025-08-26,SKU1002,STR001,93
191194,2025-08-26,SKU1001,STR002,93
191195,2025-08-26,SKU1002,STR002,83
191196,2025-08-26,SKU1001,STR003,108
191197,2025-08-26,SKU1002,STR003,49
191198,2025-08-27,SKU1001,STR001,73
191199,2025-08-27,SKU1002,STR001,80
191200,2025-08-27,SKU1001,STR002,120
191201,2025-08-27,SKU1002,STR002,100
191202,2025-08-27,SKU1001,STR003,100
191203,2025-08-27,SKU1002,STR003,64
191204,2025-08-28,SKU1001,STR001,124
191205,2025-08-28,SKU1002,STR001,89
191206,2025-08-28,SKU1001,STR002,59
191207,2025-08-28,SKU1002,STR002,126
191208,2025-08-28,SKU1001,STR003,51
191209,2025-08-28,SKU1002,STR003,62
191210,2025-08-29,SKU1001,STR001,75
191211,2025-08-29,SKU1002,STR001,60
191212,2025-08-29,SKU1001,STR002,90
191213,2025-08-29,SKU1002,STR002,85
191214,2025-08-29,SKU1001,STR003,82
191215,2025-08-29,SKU1002,STR003,117
191216,2025-08-30,SKU1001,STR001,47
191217,2025-08-30,SKU1002,STR001,107
191218,2025-08-30,SKU1001,STR002,63
191219,2025-08-30,SKU1002,STR002,109
191220,2025-08-30,SKU1001,STR003,118
191221,2025-08-30,SKU1002,STR003,126
191222,2025-08-25,SKU1001,STR001,77
191223,2025-08-25,SKU1002,STR001,76
191224,2025-08-25,SKU1001,STR002,77
191225,2025-08-25,SKU1002,STR002,94
191226,2025-08-25,SKU1001,STR003,77
191227,2025-08-25,SKU1002,STR003,50
191228,2025-08-26,SKU1001,STR001,86
191229,2025-08-26,SKU1002,STR001,74
191230,2025-08-26,SKU1001,STR002,75
191231,2025-08-26,SKU1002,STR002,82
191232,2025-08-26,SKU1001,STR003,84
191233,2025-08-26,SKU1002,STR003,103
191234,2025-08-27,SKU1001,STR001,93
191235,2025-08-27,SKU1002,STR001,82
191236,2025-08-27,SKU1001,STR002,65
191237,2025-08-27,SKU1002,STR002,59
191238,2025-08-27,SKU1001,STR003,84
191239,2025-08-27,SKU1002,STR003,106
191240,2025-08-28,SKU1001,STR001,80
191241,2025-08-28,SKU1002,STR001,77
191242,2025-08-28,SKU1001,STR002,90
191243,2025-08-28,SKU1002,STR002,50
191244,2025-08-28,SKU1001,STR003,73
191245,2025-08-28,SKU1002,STR003,89
191246,2025-08-29,SKU1001,STR001,97
191247,2025-08-29,SKU1002,STR001,75
191248,2025-08-29,SKU1001,STR002,87
191249,2025-08-29,SKU1002,STR002,84
191250,2025-08-29,SKU1001,STR003,95
191251,2025-08-29,SKU1002,STR003,57
191252,2025-08-30,SKU1001,STR001,91
191253,2025-08-30,SKU1002,STR001,49
191254,2025-08-30,SKU1001,STR002,27
191255,2025-08-30,SKU1002,STR002,67
191256,2025-08-30,SKU1001,STR003,61
191257,2025-08-30,SKU1002,STR003,97
191258,2025-08-31,SKU1001,STR001,93
191259,2025-08-31,SKU1002,STR001,55
191260,2025-08-31,SKU1001,STR002,96
191261,2025-08-31,SKU1002,STR002,59
191262,2025-08-31,SKU1001,STR003,78
191263,2025-08-31,SKU1002,STR003,74
191264,2025-09-01,SKU1001,STR001,82
191265,2025-09-01,SKU1002,STR001,96
191266,2025-09-01,SKU1001,STR002,92
191267,2025-09-01,SKU1002,STR002,86
191268,2025-09-01,SKU1001,STR003,92
191269,2025-09-01,SKU1002,STR003,89
191270,2025-08-25,SKU1001,STR001,77
191271,2025-08-25,SKU1002,STR001,76
191272,2025-08-25,SKU1001,STR002,77
191273,2025-08-25,SKU1002,STR002,94
191274,2025-08-25,SKU1001,STR003,77
191275,2025-08-25,SKU1002,STR003,50
191276,2025-08-26,SKU1001,STR001,86
191277,2025-08-26,SKU1002,STR001,74
191278,2025-08-26,SKU1001,STR002,75
191279,2025-08-26,SKU1002,STR002,82
191280,2025-08-26,SKU1001,STR003,84
191281,2025-08-26,SKU1002,STR003,103
191282,2025-08-27,SKU1001,STR001,93
191283,2025-08-27,SKU1002,STR001,82
191284,2025-08-27,SKU1001,STR002,65
191285,2025-08-27,SKU1002,STR002,59
191286,2025-08-27,SKU1001,STR003,84
191287,2025-08-27,SKU1002,STR003,106
191288,2025-08-28,SKU1001,STR001,80
191289,2025-08-28,SKU1002,STR001,77
191290,2025-08-28,SKU1001,STR002,90
191291,2025-08-28,SKU1002,STR002,50
191292,2025-08-28,SKU1001,STR003,73
191293,2025-08-28,SKU1002,STR003,89
191294,2025-08-29,SKU1001,STR001,97
191295,2025-08-29,SKU1002,STR001,75
191296,2025-08-29,SKU1001,STR002,87
191297,2025-08-29,SKU1002,STR002,84
191298,2025-08-29,SKU1001,STR003,95
191299,2025-08-29,SKU1002,STR003,57
191300,2025-08-30,SKU1001,STR001,91
191301,2025-08-30,SKU1002,STR001,49
191302,2025-08-30,SKU1001,STR002,27
191303,2025-08-30,SKU1002,STR002,67
191304,2025-08-30,SKU1001,STR003,61
191305,2025-08-30,SKU1002,STR003,97
191306,2025-08-31,SKU1001,STR001,93
191307,2025-08-31,SKU1002,STR001,55
191308,2025-08-31,SKU1001,STR002,96
191309,2025-08-31,SKU1002,STR002,59
191310,2025-08-31,SKU1001,STR003,78
191311,2025-08-31,SKU1002,STR003,74
191312,2025-09-01,SKU1001,STR001,82
191313,2025-09-01,SKU1002,STR001,96
191314,2025-09-01,SKU1001,STR002,92
191315,2025-09-01,SKU1002,STR002,86
191316,2025-09-01,SKU1001,STR003,92
191317,2025-09-01,SKU1002,STR003,89